"选题","题目","字数","3个核心观点","解决的问题","质量评分","质量状态","质检备注","正文链接"
"001","为什么226个ADHD名人证明你不是孤例——你不是个案，你只是还没看见同类星系","1390","你要先知道，自己不是道德失败，而是一种认知结构。 | 它真正的意义是告诉你：你不是一个坏掉的个案。 | 真正有用的是，名人样本让你看见一个模式：很多高创造力、高风险偏好、高表达欲、高行动冲动、高跨界迁移能力的人，都带着相似的神经系统特征。","痛点：别人靠稳定积累往前走，你靠高压爆发、临场救火、突然通电和事后崩溃活着。；需求：ADHD不是只需要“相信自己”，更需要把前额叶外置：Agent、团队、模板、状态文件、提醒机制、回流台账。；待办：Decide: 是否把“ADHD名人库”做成一张可筛选的案例地图，用来支撑后续内容和社群入口。","7","通过","","../rendered_articles/问题001_为什么226个ADHD名人证明你不是孤例_你不是个案你只是还没看见同类星系.html"
"002","AI Agent是不是ADHD等了20年的接口——你的外部前额叶终于有了可调用形态","1406","而是因为它第一次像一个真正可调用的执行接口：你把混乱倒进去，它帮你排序、拆解、提醒、归档、追问、生成下一步。 | 真正坏掉的是中间那层：从知道到行动。 | 01 ADHD最核心的痛点之一，不是“不知道该做什么”。","痛点：这些工具看似帮助ADHD，实际上经常把最难的部分又交还给ADHD：你要记得打开它，要记得整理它，要记得按规则使用它。；需求：你需要的是一个能把你高能量输入接进现实系统的接口。；待办：而是一个能在你大脑外面运行的前额叶。","7","通过","","../rendered_articles/问题002_AI_Agent是不是ADHD等了20年的接口_你的外部前额叶终于有了可调用形态.html"
"003","AI把所有人拉到80分，为什么ADHD的140分更值钱了——平均能力被抬高后，高方差才开始溢价","1422","但对ADHD来说，它还有另一层意义： 当80分变得廉价，真正值钱的会变成那些极端、跳跃、不稳定但偶尔能冲到140分的能力。 | 02 ADHD真正的优势，往往不是平均分。 | 真正的打法是： 用AI抬底，用ADHD冲顶。","痛点：过去的问题是，这些峰值经常被日常低谷抵消。；需求：AI正在做一件很残酷的事： 把很多普通人的普通能力，快速拉到80分。；待办：Decide: 是否建立“AI抬底、ADHD冲顶”的工作分工表，明确哪些事交给Agent，哪些事必须保留给你。","7","通过","","../rendered_articles/问题003_AI把所有人拉到80分为什么ADHD的140分更值钱了_平均能力被抬高后高方差才开始溢价.html"
"004","AI能模拟ADHD的超聚焦吗——模型可以持续计算，但未必会被世界刺穿","1218","ADHD的超聚焦更像被雷劈中：不是你温和地选择了任务，而是某个问题突然抓住你，让其它世界短暂消失。 | 所以AI能模拟超聚焦的产物形态：长时间处理、深度展开、不断迭代。 | 04 所以问题不是AI能不能取代超聚焦。","痛点：第二天一个主题打中你，你突然能连续工作十小时，忘记吃饭、忘记时间、忘记环境，像整个人被一个问题吸进去了。；需求：所以问题不是AI能不能取代超聚焦。；待办：Decide: 是否为“超聚焦后处理”建立一个固定流程：倾倒、结构化、资产化、回流。","7","通过","","../rendered_articles/问题004_AI能模拟ADHD的超聚焦吗_模型可以持续计算但未必会被世界刺穿.html"
"005","为什么ADHD需要反应堆工作流而不是流水线——你不是产能不稳定，你是能量形态不同","1086","但ADHD的能量常常不是均匀分布，而是脉冲分布。 | 04 真正的问题是，很多ADHD把“我不适合流水线”误解成“我不适合长期项目”。 | 真正适合你的问题不是： 我怎么每天都稳定输出一点？","痛点：你可能平时拖延严重，但截止日期前爆发惊人执行力。；需求：你需要的是状态文件、外部前额叶、阶段性脉冲、回流台账、烂尾复活机制。；待办：Decide: 是否把“反应堆工作流”画成一张固定作战图，作为整个内容宇宙的入口图。","6","通过","","../rendered_articles/问题005_为什么ADHD需要反应堆工作流而不是流水线_你不是产能不稳定你是能量形态不同.html"
"006","ADHD的六种变现接口是什么——你的放电需要不同插座，而不是一个完美职业","1215","ADHD最缺的不是信息，而是同类感和外部结构。 | 如果你的内容能持续让人说“这就是我”，社群就不是强行拉群，而是自然聚合。 | 工具接口的关键不是一开始就做完美产品。","痛点：ADHD最容易犯的一个错误，是寻找一个“完美职业”。；需求：ADHD最缺的不是信息，而是同类感和外部结构。；待办：Decide: 是否为当前内容宇宙设计一张“六接口现金流地图”。","7","通过","","../rendered_articles/问题006_ADHD的六种变现接口是什么_你的放电需要不同插座而不是一个完美职业.html"
"007","为什么ADHD天生是话术大师，却需要Agent才能真的思考——你说得快，不等于想得完","1076","真正的思考，发生在两者之间： 高压放电之后，有人把电接进线路。 | 思考要求你把刚才说过的话固定下来，检查前后是否一致，判断哪句是核心，哪句只是兴奋时的装饰。 | 它会问你： 你刚才最核心的判断是什么？","痛点：你是思考经常以语流形式出现，而不是以结构形式保存。；需求：所以ADHD需要一个规则： 凡是说爽了的东西，都要被Agent追问一次： 这能沉淀成什么？；待办：Decide: 是否建立“语流回收协议”：每次长聊天后自动抽取标题、论点、下一步动作。","6","通过","","../rendered_articles/问题007_为什么ADHD天生是话术大师却需要Agent才能真的思考_你说得快不等于想得完.html"
"008","为什么团队维护我放电，才是ADHD的正确输出姿势——你不需要一个人维护所有接口","1050","01 ADHD的输出不是稳定水流，而是高压脉冲。 | 你的核心岗位应该是： 选题雷达、判断引擎、命名者、表达反应堆、方向决策者。 | 如果一个人的核心价值是高压放电，那最浪费的安排，就是让他花大量时间维护插线板。","痛点：是每次有能量之后，还要自己负责所有后处理。；需求：其实你更需要一个团队逻辑： 我放电，系统维护。；待办：Decide: 是否为内容生产建立“放电者/维护者”职责表，明确哪些环节永远不让你手动背。","6","通过","","../rendered_articles/问题008_为什么团队维护我放电才是ADHD的正确输出姿势_你不需要一个人维护所有接口.html"
"009","当AI帮你写作，你的反应堆语流会不会被模板化杀死——最危险的不是写得差，是写得太顺","958","没有反常识，没有冒犯感，没有真正的判断，只剩下一些温和正确的话。 | 你会把待办软件说成低剂量窒息，把负罪感说成债务陷阱，把空间混乱说成物理哈希表，把Agent说成外部前额叶。 | AI写作最危险的地方，不是它写得差。","痛点：没有你真实的羞耻、冲动、崩溃、兴奋、被击中的瞬间。；需求：AI写作最危险的地方，不是它写得差。；待办：Decide: 是否建立每篇文章的“反模板化检查点”，发布前必须保留至少一个带电句。","6","通过","","../rendered_articles/问题009_当AI帮你写作你的反应堆语流会不会被模板化杀死_最危险的不是写得差是写得太顺.html"
"010","为什么轻度抑郁反而加速了ADHD的自我认知——低电量时，你第一次看见了自己的系统错误","1046","03 轻度抑郁加速自我认知的关键，不是痛苦本身。 | 如果低落持续加重、影响基本生活、出现危险念头，就需要现实支持和专业帮助。 | 但有时也正是这个停顿，让你开始从“我怎么又这样”走向“我的系统到底哪里需要外置”。","痛点：它会让人低能量、低兴趣、低期待，像整个世界被调低了亮度。；需求：轻度抑郁加速自我认知的关键，不是痛苦本身。；待办：Decide: 是否建立“低电量诊断清单”，把每次低落暴露的问题转成一个系统修复动作。","6","通过","","../rendered_articles/问题010_为什么轻度抑郁反而加速了ADHD的自我认知_低电量时你第一次看见了自己的系统错误.html"
"011","ADHD如何用Agent完成从信息到洞察到选题的完整链路","3887","具体来说，Agent 要执行的不是""整理""，而是三个强制推进动作： 第一，强制关联。 | Agent 可能会给你一个逻辑自洽但毫无价值的选题——因为它不理解你的读者，不理解你的品牌，不理解你此刻的人生阶段真正需要说什么。 | 用 5 个固定问题逼出洞察：""这和我的核心框架有什么关系？","痛点：我用了十年时间才明白：ADHD 的信息焦虑不是信息太多，是加工环节断了。；需求：Agent 可能会给你一个逻辑自洽但毫无价值的选题——因为它不理解你的读者，不理解你的品牌，不理解你此刻的人生阶段真正需要说...；待办：Agent 的""强制推进""必须建立在一个前提上：你已经有一个稳定的认知框架。","7","通过","","../rendered_articles/问题011_ADHD如何用Agent完成从信息到洞察到选题的完整链路.html"
"012","ADHD和LLM都是时间盲，Agent如何同时治愈两个大脑？","1171","不是因为 Agent 更聪明，而是因为 Agent 能把时间变成外部结构。 | 01 ADHD 的时间不是线性的，而是亮度制。 | 不是没规划，而是规划在大脑里没有足够亮度。","痛点：ADHD 的困难就在这里：未来奖励的神经权重太低，未来惩罚也经常到临近时才突然变重。；需求：所以 ADHD 和 LLM 都需要 Agent。；待办：只写四行：；当前状态：___；下一步唯一动作：___","6","通过","","../rendered_articles/问题012_ADHD和LLM都是时间盲_Agent如何同时治愈两个大脑.html"
"013","ADHD如何构建一个永远不会断更的选题系统——不是靠自律，而是靠反应堆供料","1072","04 真正不会断更的系统，不是每天强迫自己写。 | 所以ADHD的选题系统，第一原则不是写作纪律。 | 你需要每天都能接触到一个可推进的入口。","痛点：聊天里有选题，刷视频时有选题，焦虑时有选题，崩溃后有选题，和AI对话时更是满屏选题。；需求：你需要每天都能接触到一个可推进的入口。；待办：Decide: 是否把当前选题池升级成“倾倒区-发酵池-草稿池-发布池”四层看板。","6","通过","","../rendered_articles/问题013_ADHD如何构建一个永远不会断更的选题系统_不是靠自律而是靠反应堆供料.html"
"014","为什么ADHD最懂LLM的幻觉？你不是总被骗，是太熟悉脑内生成的真实感","1278","朋友晚回你消息，你的大脑不是停在“他还没回”，而是自动生成三条支线：他是不是烦我了、我刚才是不是说错话了、这段关系是不是快结束了。 | 不是因为 ADHD 更会瞎编，而是因为 ADHD 太熟悉一种状态：当系统迫切需要闭合意义，却缺少足够约束时，大脑会用高速度、高置信度、低证据密度... | 01 LLM 的幻觉不是“撒谎”，而是“生成过头”。","痛点：你有没有经历过一种很怪的瞬间：你明明没有证据，却已经把一个故事在脑子里补完了。；需求：所以 ADHD 和 AI 协作时，真正的关键不是让 AI 更会写，而是让 AI 更会校验。；待办：第一行：我现在相信什么。；第二行：我有什么证据。；第三行：还有哪一种解释也可能成立。","7","通过","","../rendered_articles/问题014_为什么ADHD最懂LLM的幻觉_你不是总被骗是太熟悉脑内生成的真实感.html"
"015","为什么ADHD和LLM都需要Harness？不是限制想象力，而是给高能系统装轨道","1193","这就是 ADHD 和 LLM 的共同命运：它们都不是缺生成能力，而是缺 Harness。 | 但没有 Harness 时，这些选择不是自由，而是并发请求。 | 第一，你最能产出的时刻，往往不是最自由的时刻，而是有人给了你明确题目、截止时间和交付格式的时候。","痛点：第二，你最容易崩溃的时刻，往往不是没事做，而是所有事都能做。；需求：很多人误会 ADHD，以为它需要的是更强的意志力。；待办：选一个你最常失控的场景，写下四句话： 输入是什么？","6","通过","","../rendered_articles/问题015_为什么ADHD和LLM都需要Harness_不是限制想象力而是给高能系统装轨道.html"
"016","为什么从“我想做”到“Agent帮我做了”是ADHD的救赎？启动不是意愿问题，是接口问题","1145","ADHD 最痛苦的一句话不是“我不会”，而是“我明明想做”。 | 01 ADHD 的启动失败，经常不是意愿失败，而是接口失败。 | 第二，你的许多失败不是没能力，而是没形成外部证据。","痛点：ADHD 最痛苦的一句话不是“我不会”，而是“我明明想做”。；需求：ADHD 不是缺愿望，ADHD 缺的是把愿望接进现实的接口。；待办：格式很简单：；我想做：___；最小可见结果：___","6","通过","","../rendered_articles/问题016_为什么从我想做到Agent帮我做了是ADHD的救赎_启动不是意愿问题是接口问题.html"
"017","为什么ADHD的情绪风暴和LLM的温度参数是同构的？温度太高时，世界会变得太有意义","967","第三，你真正稳定产出的时刻，不一定是情绪最热的时刻，而是高温生成后有一个冷却、筛选、变压的过程。 | 04 所以 ADHD 不该追求永远冷静。 | 你需要的是温度管理，而不是温度消灭。","痛点：焦虑时，你觉得一个错误会毁掉全部人生。；需求：你需要的是温度管理，而不是温度消灭。；待办：写下：；这三问能救你很多次。","6","通过","","../rendered_articles/问题017_为什么ADHD的情绪风暴和LLM的温度参数是同构的_温度太高时世界会变得太有意义.html"
"018","为什么ADHD的身体不安分遇到AI反而成了优势？你动来动去的大脑终于有了外接执行器","910","04 所以 ADHD 的关键不是安静，而是把运动中的认知捕获下来。 | 你为了表现认真，牺牲了真正的思考状态。 | 神经典型者可以靠静坐维持任务状态，ADHD 很多时候需要运动来维持清醒。","痛点：你可能从小就被说过：别抖腿，坐好，别转笔，别走来走去。；需求：所以 ADHD 的关键不是安静，而是把运动中的认知捕获下来。；待办：找一个十分钟的路程，只做一件事：边走边对手机说一个你最近最想讲的问题。不要整理，不要装正式，不要管顺序。；回来后让 Agent 做三件事：","6","通过","","../rendered_articles/问题018_为什么ADHD的身体不安分遇到AI反而成了优势_你动来动去的大脑终于有了外接执行器.html"
"019","为什么80%的成人ADHD从未被诊断？不是他们没有症状，是他们太会代偿","988","但有一个现象很值得认真谈：很多成人 ADHD 并不是没有痛苦，而是痛苦被成绩、职业、聪明、能扛、会装正常长期盖住了。 | 所以“为什么这么多成人从未被诊断”的核心，不是他们没有症状，而是他们太会代偿。 | 第一，很多成人第一次意识到 ADHD，不是在小时候，而是在中年、职业压力上升、家庭责任变多、旧代偿失效之后。","痛点：所以成人 ADHD 的识别，不应该只问“你有没有失败”，还要问“你成功的成本是不是异常高”。；需求：但有一个现象很值得认真谈：很多成人 ADHD 并不是没有痛苦，而是痛苦被成绩、职业、聪明、能扛、会装正常长期盖住了。；待办：列三栏：；我表面做到了什么？；这张清单不能替代诊断，但它能帮你停止用“我还能撑”掩盖系统问题。","6","通过","","../rendered_articles/问题019_为什么80%的成人ADHD从未被诊断_不是他们没有症状是他们太会代偿.html"
"020","为什么ADHD在聚会上是焦点，回家却想死？你的社交高光其实是一场能量透支","992","01 ADHD 的社交高光，很多时候不是轻松，而是高唤醒。 | 真正耗你的不是说话，而是事后的解释、后悔和羞耻。 | 04 所以不要再用“我明明会社交，为什么还这么累”攻击自己。","痛点：第二，聚会结束后的崩溃往往比聚会本身更累。；需求：ADHD 需要的是社交后处理协议，而不是强迫自己一直像现场那样闪亮。；待办：提前写好三句话：；ADHD 在聚会上发光，不代表他不需要黑暗里充电。你的高光不是假的，你的崩溃也不是矫情。那只是同一个高敏系统的两面：上场时太亮，下场后就需要慢慢熄灯。","6","通过","","../rendered_articles/问题020_为什么ADHD在聚会上是焦点回家却想死_你的社交高光其实是一场能量透支.html"
"021","为什么Agent正在成为ADHD新的多巴胺来源？危险不在工具好用，而在回路太顺","940","不是简单快乐，而是“即时反馈 + 新鲜感 + 低启动成本 + 看起来像进展”的东西。 | 现在你可以用高度生产力的姿势逃避真正的发布、销售、沟通和交付。 | 第三，真正的多巴胺闭环应该来自现实反馈，而不是来自 AI 不断说“我已经帮你整理好了”。","痛点：ADHD 最容易被什么东西吸住？；需求：ADHD 最稀缺的不是想法，是把想法接进现实的闭环。；待办：每次结束前只允许三种结果之一：；这不是打击热情，而是保护热情。ADHD 最稀缺的不是想法，是把想法接进现实的闭环。Agent 越强，越要小心别让它把你困在无限生成的舒服里。；真正的外部...","6","通过","","../rendered_articles/问题021_为什么Agent正在成为ADHD新的多巴胺来源_危险不在工具好用而在回路太顺.html"
"022","为什么ADHD是应试教育的最极端受害者？你不是不聪明，是被迫用最低带宽证明最高能力","970","第一，很多 ADHD 并不是一直差，而是极不稳定。 | 不是学不会，而是大脑拒绝把生命浪费在无反馈机械磨损里。 | 04 所以 ADHD 不是应试教育里的普通受害者，而是极端受害者。","痛点：ADHD 在这种系统里最容易被误读。；需求：第一，很多 ADHD 并不是一直差，而是极不稳定。；待办：写下三个你过去以为是“我不行”的学习场景，然后分别标注：；这张表会改写很多旧伤。；ADHD 不需要用应试教育的标准重新审判自己一生。你当然要承认现实里的考试和规则，但你也要知道：如果一...","6","通过","","../rendered_articles/问题022_为什么ADHD是应试教育的最极端受害者_你不是不聪明是被迫用最低带宽证明最高能力.html"
"023","为什么ADHD在职场中总是聊起来聪明做起来糊涂？你不是能力差，是执行接口掉包了","936","你不是没想明白，而是没有把想明白的东西转换成可执行对象。 | 第二，你在 deadline 前能爆发，说明问题也不是完全做不了，而是启动和持续机制不稳定。 | 第三，你最常出错的地方往往不是核心判断，而是边角细节、沟通闭环、版本管理和跟进。","痛点：职场最容易让 ADHD 暴露的，是“从会议到落地”的断层。；需求：你需要的是把每次聪明发言立刻固化成执行对象。；待办：每次你说出一个有价值判断，就补一句：；“这件事我建议落成一个动作：___，负责人是___，完成证据是___。”；如果你不方便当场说，就让 Agent 会后整理会议记录时自动生成。","6","通过","","../rendered_articles/问题023_为什么ADHD在职场中总是聊起来聪明做起来糊涂_你不是能力差是执行接口掉包了.html"
"024","为什么ADHD的能量在冬天消失却在春天爆发？你不是懒惰，是节律系统对光和新鲜感太敏感","916","你不是没有目标，而是点火环境变差了。 | 第三，很多 ADHD 不是越安静越好，而是需要适量新鲜刺激。 | 真正成熟的计划，不是逼冬天开花，而是知道什么时候蓄能，什么时候放电。","痛点：回想过去三年，标出： 哪个月份最容易低落？；需求：所以 ADHD 需要季节性工作流。；待办：回想过去三年，标出：；然后把工作流按季节重排。","6","通过","","../rendered_articles/问题024_为什么ADHD的能量在冬天消失却在春天爆发_你不是懒惰是节律系统对光和新鲜感太敏感.html"
"025","为什么ADHD是文明的隐藏引擎？稳定系统负责延续，高方差大脑负责突变","957","但文明真正发生跃迁的时候，往往不是因为所有人都更稳定，而是因为有人突然把两个原本不相干的东西接在了一起。 | 可 ADHD 的能力分布不是稳定曲线，而是尖峰曲线。 | 很多创新不是从完美计划开始，而是从一种坐不住的“不对劲”开始。","痛点：写下三个问题： 我在哪类问题上最容易被点燃？；需求：文明需要突变，也需要保留突变成果的机制。；待办：写下三个问题：；我在哪类问题上最容易被点燃？；ADHD 不该只被定义为稳定系统里的故障。它也可能是文明在变化时保留探索能力的一种方式。稳定的人让世界继续转，高方差的人让世界偶尔换轨。","6","通过","","../rendered_articles/问题025_为什么ADHD是文明的隐藏引擎_稳定系统负责延续高方差大脑负责突变.html"
"026","为什么不是ADHD像AI，而是AI像ADHD？高发散系统终于成了时代默认界面","1027","ADHD 不是没有注意力，而是注意力容易被新关联牵引。 | 它不是没有逻辑，而是逻辑常常不是直线，而是网状跳跃。 | 04 所以 ADHD 在 AI 时代的核心能力，不是比别人更会用工具，而是更会和高发散系统共振。","痛点：脑子里同时开很多窗口，话题跳得快，看到一个东西就联想到另一个，没法老老实实按线性顺序想问题。；需求：你需要一套配套结构： 发散阶段，让 AI 跟你一起跑。；待办：第一段：尽情发散。；第二段：让它选三个最值得做的方向。；第三段：让它指出每个方向的风险。","6","通过","","../rendered_articles/问题026_为什么不是ADHD像AI而是AI像ADHD_高发散系统终于成了时代默认界面.html"
"027","为什么ADHD是你的大脑在拒绝过拟合？你不是不适应规则，是看见了规则之外的变量","958","第二，你对“标准做法”的抵触，很多时候不是叛逆，而是你真的看见了低效率、虚伪或错配。 | 你需要的不是彻底摆脱规则，而是建立两层系统。 | 它记住了标准答案，却没学会真正泛化。","痛点：这会造成现实代价：拖延、冲突、跳槽、项目半途而废。；需求：你需要的不是彻底摆脱规则，而是建立两层系统。；待办：写下：；这个规则原本解决什么问题？；ADHD 不是天生反规则。你反感的是那些把世界简化过头、把人压缩过头、把变化排除在外的规则。拒绝过拟合不是失败，它可能是你大脑保留泛化能力的方式。","6","通过","","../rendered_articles/问题027_为什么ADHD是你的大脑在拒绝过拟合_你不是不适应规则是看见了规则之外的变量.html"
"028","为什么ADHD与弱联系是你最大的创新资产？你的价值不在深耕一个圈子，而在让远处的信号相遇","932","第一，你很多好想法不是坐在书桌前想出来的，而是和不同行业的人聊天时突然接上的。 | 所以你需要一个弱联系 CRM，不是商业软件意义上的 CRM，而是一个外部记忆系统。 | 因为执行和信息整理变便宜后，真正稀缺的是问题感、场景感和异质材料。","痛点：很多 ADHD 都有一种奇怪的人际结构。；需求：所以你需要一个弱联系 CRM，不是商业软件意义上的 CRM，而是一个外部记忆系统。；待办：每个人后面只写三项：；我们下一次可以围绕哪个问题重新连接？；不要群发，不要表演社交。只找一个人，发一句具体的话。","6","通过","","../rendered_articles/问题028_为什么ADHD与弱联系是你最大的创新资产_你的价值不在深耕一个圈子而在让远处的信号相遇.html"
"029","为什么ADHD创始人将在AI时代统治世界？不是因为他们更稳定，而是因为他们更会和混乱共生","949","ADHD 的优势不是稳定，而是对混乱的适应。 | 第三，创业早期最怕不是想法太多，而是没有机制筛掉想法。 | 04 所以 ADHD 创始人不是靠“更疯”赢，而是靠“高方差 + 外部执行系统”赢。","痛点：需求模糊、资源不足、方向反复、反馈残酷、计划经常失效。；需求：ADHD 加 Agent 的组合，关键是建立筛选和反馈回流。；待办：写下：；我能在 48 小时内做出什么最小证据？；我要把它发给哪 5 个人？","6","通过","","../rendered_articles/问题029_为什么ADHD创始人将在AI时代统治世界_不是因为他们更稳定而是因为他们更会和混乱共生.html"
"030","如果2028年AI比ADHD更会发散，我们还剩什么？剩下的不是发散，而是痛感、位置和真实赌注","900","你知道负罪感不是概念，而是晚上躺着被“应该”围攻。 | 你知道外部前额叶断掉不是比喻，而是账号丢失后整个人认知义肢被拔掉。 | 第二，真正有传播力的内容，常常不是最完整的，而是最像“只有这个人能说出来”的。","痛点：因为 AI 的想法更多，而且不累、不睡、不羞耻、不需要多巴胺。；需求：第三，未来稀缺的不是想法数量，而是选择哪一个想法押上现实行动。；待办：如果三个问题都答不上来，这个选题可能只是 AI 也能写的通用内容。；未来不是 ADHD 被 AI 淘汰，而是低赌注发散会被淘汰。你剩下的不是“想得比 AI 多”，而是你真的疼过、真的站...","6","通过","","../rendered_articles/问题030_如果2028年AI比ADHD更会发散我们还剩什么_剩下的不是发散而是痛感位置和真实赌注.html"
"031","为什么你的大脑就是MoE？你不是分心，是专家太多但路由器还没训练好","941","01 MoE 的核心不是一个模型包打天下，而是多个专家在不同任务上被路由调用。 | 你不是没有能力，而是能力分布极不均匀。 | 第一，你不是所有事都差，而是差异大到离谱。","痛点：你有没有觉得自己像很多个人住在同一个脑子里？；需求：所以 ADHD 自我管理的关键，不是训练一个万能人格，而是训练路由。；待办：写下 5 个你脑内最常上线的专家：；你不是一个单体模型。你是一个高方差专家系统。问题从来不是专家不够，而是路由器还没训练好。AI 时代最适合 ADHD 的自我管理，不是统一人格，而是训...","6","通过","","../rendered_articles/问题031_为什么你的大脑就是MoE_你不是分心是专家太多但路由器还没训练好.html"
"032","为什么ADHD的时间贴现率是普通人的3倍——你不是短视，是未来奖励在大脑里打了折","980","长期主义对ADHD不是靠口号，而是靠即时反馈回路叠出来。 | 游戏能让人沉迷，不是因为目标短，而是因为长期目标被拆成了连续反馈。 | 所以ADHD的行动设计，不能只靠远期目标。","痛点：这也是为什么道理对ADHD经常没用。；需求：你需要的是让这一年里每天都有一点现实回声。；待办：说“今天发出一篇，并记录一条回流”。","6","通过","","../rendered_articles/问题032_为什么ADHD的时间贴现率是普通人的3倍_你不是短视是未来奖励在大脑里打了折.html"
"033","为什么ADHD的情绪波动就是市场波动——你的内在价格发现比你想象得更早","925","ADHD的情绪波动经常被理解成不稳定。 | 前一秒觉得人生有戏，后一秒觉得全盘报废。 | 一个消息让你冲上天，一句冷淡回复又把你砸回地面。","痛点：ADHD的情绪波动经常被理解成不稳定。；需求：ADHD的情绪波动经常被理解成不稳定。；待办：Decide: 是否建立个人情绪K线表，把高波动事件转成信号、误报和行动。","6","通过","","../rendered_articles/问题033_为什么ADHD的情绪波动就是市场波动_你的内在价格发现比你想象得更早.html"
"034","为什么一个P8外卖高管的MoE有四种放电模式——你不是人格分裂，是专家路由太多","980","03 真正需要优化的，不是压掉某个专家。 | 真正的问题是：每次放电之后，有没有系统判断它该流向哪里。 | 有些高能力ADHD看起来像有很多个自己。","痛点：有些高能力ADHD看起来像有很多个自己。；需求：真正需要优化的，不是压掉某个专家。；待办：Decide: 是否把自己的放电模式整理成一张“专家路由表”。","6","通过","","../rendered_articles/问题034_为什么一个P8外卖高管的MoE有四种放电模式_你不是人格分裂是专家路由太多.html"
"035","为什么辩论队是ADHD的反应堆预科学校——你以为你在练表达，其实在练高速路由","909","02 辩论训练的真正价值，不只是表达。 | 所以辩论队训练出来的ADHD，后面必须补一课： 从现场胜利转向长期资产。 | 你不需要等三个月才知道自己说得好不好。","痛点：辩论队对很多ADHD有一种奇怪吸引力。；需求：辩论队对很多ADHD有一种奇怪吸引力。；待办：对方的表情、裁判的记录、场上的节奏，都会立刻回你。","6","通过","","../rendered_articles/问题035_为什么辩论队是ADHD的反应堆预科学校_你以为你在练表达其实在练高速路由.html"
"036","为什么ADHD的出版策展就是知识做空——你不是在选书，是在判断哪些知识会重新定价","891","因为真正有价值的选题，往往出现在领域交界处。 | 第三，把它转成内容选题、书单、课程、报告或产品入口。 | 04 一个好的出版策展Agent应该帮你做三件事。","痛点：扫描变成收藏，收藏变成负债，负债变成羞耻。；需求：但对某些ADHD来说，它更像一场知识市场交易。；待办：Decide: 是否建立“知识做空清单”，把低估概念转成未来选题和产品入口。","6","通过","","../rendered_articles/问题036_为什么ADHD的出版策展就是知识做空_你不是在选书是在判断哪些知识会重新定价.html"
"037","为什么ADHD是县域经济研究员的理想大脑——你的扫描雷达天然适合看见地方系统的暗线","1041","02 县域经济真正难的，不是找资料。 | 而是为了验证你的雷达有没有真正扫到地方系统的暗线。 | 所以ADHD做县域研究，必须配Agent。","痛点：人口、产业、交通、招商、土地、财政、历史、企业、政策。；需求：人口、产业、交通、招商、土地、财政、历史、企业、政策。；待办：Decide: 是否把urban-research也纳入ADHD外部执行系统叙事，作为专业服务样板。","6","通过","","../rendered_articles/问题037_为什么ADHD是县域经济研究员的理想大脑_你的扫描雷达天然适合看见地方系统的暗线.html"
"038","当外部前额叶突然消失，ADHD的大脑会经历什么——不是账号丢了，是认知义肢断了","932","所以真正成熟的Agent协作，不是聊得多聪明。 | Decide: 是否为所有主线项目建立“断线恢复包”：总览、状态、下一步、关键文件链接。 | 所以你会本能地把它们外置到聊天、笔记、文件夹、Agent、浏览器标签、微信收藏里。","痛点：账号会丢，会话会断，工具会变，平台会封，浏览器会崩。；需求：Decide: 是否为所有主线项目建立“断线恢复包”：总览、状态、下一步、关键文件链接。；待办：Decide: 是否为所有主线项目建立“断线恢复包”：总览、状态、下一步、关键文件链接。","6","通过","","../rendered_articles/问题038_当外部前额叶突然消失ADHD的大脑会经历什么_不是账号丢了是认知义肢断了.html"
"039","ADHD是""听觉动物""——为什么阅读是酷刑，听书是多巴胺输液","1233","不是""支持语音""，而是""默认语音""。 | 不是""可以听""，而是""一开始就用说的""。 | 声音是被动接收的线性流，不需要你指挥眼球。","痛点：你拿起一本书，读了五分钟，发现自己在看第三行的时候，第一行已经蒸发。；需求：不是""支持语音""，而是""默认语音""。；待办：这不是巧合，这是你的大脑在投票——它选择了那条摩擦更小的信息高速公路。","7","通过","","../rendered_articles/问题039_ADHD是听觉动物_为什么阅读是酷刑而听书是多巴胺输液.html"
"040","为什么ADHD的整理欲是一种神力陷阱——你修炼了半天，释放了吗？","1864","真正的解法不是""停止修炼""，而是给""释放""也装上多巴胺引擎。 | 这些事情也有一个共同特征：它们的结果会被他人接收、评价、使用——这带来了不确定性，但也带来了真正的价值交换。 | 真正的神力不在整理里，不在优化里，不在""准备好之后""。","痛点：你有没有过这样的日子：一整天都在""优化""——整理桌面、重命名文件夹、研究新的笔记软件、给标签体系设计了一套完美的颜色编码。；需求：真正的解法不是""停止修炼""，而是给""释放""也装上多巴胺引擎。；待办：因为建立系统的多巴胺峰值出现在设计阶段，使用阶段反而平淡无奇。","7","通过","","../rendered_articles/问题040_为什么ADHD的整理欲是一种神力陷阱_你修炼了半天释放了吗.html"
"041","为什么ADHD是天生的""做空者""——你的悲观本能正在帮你赚钱","1375","一个朋友激情澎湃地跟你讲他的创业计划，你脑子里浮现的不是蓝海，而是他没算进去的成本项。 | 做空者的核心能力不是预测上涨，而是提前识别系统的脆弱性。 | 当你72小时扫描一个县域的时候，你做的第一件事不是收集正面数据，而是寻找""这个故事什么时候会破""的裂缝。","痛点：你有没有发现，你总是在事情还没崩之前就嗅到了崩的味道？；需求：一个朋友激情澎湃地跟你讲他的创业计划，你脑子里浮现的不是蓝海，而是他没算进去的成本项。；待办：你有没有发现，你总是在事情还没崩之前就嗅到了崩的味道？","7","通过","","../rendered_articles/问题041_为什么ADHD是天生的做空者_你的悲观本能正在帮你赚钱.html"
"042","为什么ADHD律师的""对抗性质询""是天生的法律武器——你的打断本能正在帮你赢官司","1458","它不是让对方说完，而是在对方说话的过程中，不断插入短促、尖锐、直指漏洞的问题。 | 不是""你说的不对""，而是""你刚才说X，现在说Y，哪一个准确？ | ""不是""这不可能""，而是""请回答是或否：你是否在Z日期之前就知道这件事？","痛点：你是不是在争吵中经常因为""抢话""而被指责？；需求：你需要做的不是磨平它，而是给它一个合法的刀鞘。；待办：不是不礼貌，是你的大脑在对方说完第三句话的时候，已经推导出了第七句话的漏洞。","7","通过","","../rendered_articles/问题042_为什么ADHD律师的对抗性质询是天生的法律武器.html"
"043","为什么ADHD的""遗忘""是大脑的LoRA——你的遗忘不是在丢失信息，是在微调模型","1977","你可能复述不出那本书的章节结构，但你能在一个完全无关的场景里突然冒出那本书的核心洞察。 | 但在需要""模式识别""的场景里，LoRA大脑是碾压级的。 | urban-research里，你不需要记住一个县的所有GDP数据，你只需要记住""这个县的产业结构和十年前我看过的一个东北小城惊人相似""。","痛点：你是不是经常""想不起来具体发生了什么，但我当时感觉很不好""？；需求：把会议记录、读书笔记、对话摘要丢给Agent，你需要细节的时候问它，你不需要的时候让它安静待着。；待办：每次你""想不起来但感觉不对""的时候，立刻写下来——不写原因，只写判断。","7","通过","","../rendered_articles/问题043_为什么ADHD的遗忘是大脑的LoRA_你的遗忘不是在丢失信息是在微调模型.html"
"044","为什么中国学霸ADHD是最隐蔽的群体——你的高分正在掩盖你的挣扎","2051","2020年《Journal of Attention Disorders》的综述指出，高智商ADHD的诊断率显著低于普通智商ADHD，不是因为他... | 真正适合应试教育的人，学习本身能带来满足感。 | 把它揭下来，看看下面那张脸——那才是真正的你。","痛点：你有没有见过这样的人：985毕业，GPA3.8，托福110，履历漂亮得像印刷品。；需求：你的问题不是努力不足，是你的大脑需要不同的燃料。；待办：把它们写下来，看看这些策略的""利息""是什么——胃病、失眠、情绪崩溃。","7","通过","","../rendered_articles/问题044_为什么中国学霸ADHD是最隐蔽的群体_你的高分正在掩盖你的挣扎.html"
"045","为什么ADHD的""多巴胺周期""就是你的投资K线——你的情绪起伏正在泄露市场信号","1568","别人需要用十年投资经验才能理解""恐惧-贪婪""的周期，你在一天之内就能走完全程。 | 你不需要看K线，你看自己的心情就知道今天适不适合做决策。 | 04 问题是怎么把你的""情绪K线""变成投资优势？","痛点：你是不是在情绪高涨时重仓买入，在情绪低落时割肉离场？；需求：早上醒来像一条死鱼，上午十点突然亢奋到想征服世界，下午三点又跌进谷底觉得一切毫无意义，晚上十一点灵感爆发开始写三千字。；待办：连续七天，每小时记录一次情绪状态（1-10分）。","7","通过","","../rendered_articles/问题045_为什么ADHD的多巴胺周期就是你的投资K线_你的情绪起伏正在泄露市场信号.html"
"046","为什么ADHD的""多巴胺周期""与投资周期是同构的——你的大脑比美联储更懂周期","2464","Done. Next: 问题047——为什么200个Skill不是数字囤积而是MoE专家库？ | 04 问题是怎么把这个""周期体感""变成真正的认知优势？ | 你不需要看CPI、PMI、非农就业。","痛点：你有没有注意过，你的亢奋和低迷从来不是随机的？；需求：就像央行在经济过热时加息，你需要在亢奋时给自己""加息""——禁止一切不可逆决策（大额投资、辞职、重要关系承诺）。；待办：别人读二十年 macro 才能建立的周期直觉，你每天都在自己的大脑里跑仿真。","7","通过","","../rendered_articles/问题046_为什么ADHD的多巴胺周期与投资周期是同构的_你的大脑比美联储更懂周期.html"
"047","为什么200个Skill不是数字囤积而是MoE专家库——你的囤积癖正在搭建认知基础设施","2462","ChatGPT的GPTs、Claude的Skills、Midjourney的Style References、Notion的模板库、Obsidi... | 别人说你""囤积癖""""松鼠症""""数字仓鼠""，你自己也怀疑：我是不是又在用""准备行为""逃避真正的工作？ | 04 问题是怎么把你的""Skill库""从囤积变成真正的MoE系统？","痛点：你有没有数过自己装了多少个AI工具？；需求：如果数量让你焦虑，问题不在于数量，在于你没有给它们一个""架构叙事""。；待办：第二步：建立""路由规则""，减少选择 paralysis。","7","通过","","../rendered_articles/问题047_为什么200个Skill不是数字囤积而是MoE专家库_你的囤积癖正在搭建认知基础设施.html"
"048","为什么中年ADHD需要""第二次确诊""——你的代偿系统正在中年崩溃","2539","ADHD的核心缺陷——工作记忆弱、执行功能差、情绪调节差、时间盲——在年轻时可以被多种代偿机制掩盖：超常的智力、极端的努力、年轻时的身体恢复力、... | 神经影像学研究表明，前额叶皮质——ADHD最薄弱的大脑区域——在35-45岁经历一个""可塑性下降""的关键期。 | 拿出纸笔，回顾你的人生关键节点：学业波动期、工作跳槽期、关系破裂期、情绪崩溃期。","痛点：你有没有发现，三十五岁之后，以前管用的招数一个个失灵了？；需求：你需要的是一张""中年大脑系统架构图""——哪些功能必须外包给AI，哪些领域需要外部结构，哪些关系需要重新谈判，哪些职业路径需要...；待办：Decide: 是否需要加入""中年ADHD与子女ADHD的代际观察""视角，强化叙事的代际深度。","7","通过","","../rendered_articles/问题048_为什么中年ADHD需要第二次确诊_你的代偿系统正在中年崩溃.html"
"049","为什么当所有ADHD都用同一个Agent模板，高方差优势会被抹平——你的Agent正在把你变成平均值","2315","你得到了一个整洁的输出，但失去了那个可能引发真正突破的混乱中间态。 | 真正适合你的Agent结构，只能从这个项目的实际发散过程中生长出来。 | ADHD在AI时代的真正优势，不是""用Agent弥补缺陷""，是""用Agent放大差异""。","痛点：你有没有想过，当你从某个ADHD博主那里复制了一套""完美Agent工作流""，你得到的到底是什么？；需求：你有没有想过，当你从某个ADHD博主那里复制了一套""完美Agent工作流""，你得到的到底是什么？；待办：Decide: 是否需要将本文与005（反应堆工作流 vs 流水线）做交叉引用，强化""反流水线""立场。","7","通过","","../rendered_articles/问题049_为什么当所有ADHD都用同一个Agent模板_高方差优势会被抹平.html"
"050","为什么ADHD的伴侣需要一个""关系Agent""——你们之间缺的不是爱，是外部前额叶","2609","04 问题是怎么设计一个真正有用的关系Agent，而不是一个冰冷的监控系统？ | 当Agent帮你完成了""记住""和""提醒""，你可以把有限的认知资源投入到真正需要人类做的事：倾听、共情、身体接触、高质量的陪伴时间。 | 01 ADHD在亲密关系中的核心困境是""意图-执行""断裂。","痛点："" ""跟你说话的时候你总是在看手机，你有没有在听？；需求：当Agent帮你完成了""记住""和""提醒""，你可以把有限的认知资源投入到真正需要人类做的事：倾听、共情、身体接触、高质量的陪伴...；待办：神经典型者的大脑自动运行这个链条，ADHD的大脑需要每个步骤都手动操作——而手动操作意味着高错误率。","7","通过","","../rendered_articles/问题050_为什么ADHD的伴侣需要一个关系Agent_你们之间缺的不是爱是外部前额叶.html"
"051","为什么ADHD的""准备行为""是最贵的认知税——你在用装修拖延开火","2456","这个系统的运作逻辑是：真正的任务（写作、健身、学习）太模糊、太开放、太没有即时反馈，所以大脑拒绝进入。 | 于是你陷入了一个无限循环： 准备 → 小成就感 → 多巴胺 → 想要更多 → 更深入的准备 → 更大的系统 → 更复杂的工具链 → 真正的任务被... | 但这些深度思考从未被用于真正的输出。","痛点：你有没有算过自己为""准备做某事""花了多少时间？；需求：准备不仅在消耗时间，还在挤占真正需要的认知带宽。；待办：第二步：把""最小可行准备""写下来，不要超过5步。","7","通过","","../rendered_articles/问题051_为什么ADHD的准备行为是最贵的认知税_你在用装修拖延开火.html"
"052","为什么ADHD的微信已读不回不是冷漠，是决策瘫痪——你每次打开微信都在经历千刀万剐","2771","但你自己知道，有些消息你已经在脑子里回了八百遍——措辞、语气、表情包的选择、是否需要加波浪线软化——你只是没把它从脑子移到手指上。 | """"有空聊聊""——这些消息没有明确的请求，需要你先解码对方的意图，再决定回应策略。 | 解码意图本身就需要前额叶资源，而ADHD的前额叶在打开微信的那一刻已经被其他消息耗尽了。","痛点：对方发来""你是不是不想理我""，你看着屏幕又陷入了新一轮""该怎么解释""的 paralysis。；需求：你需要的是一套让""回消息""从开放式灾难变成封闭式任务的系统。；待办：第二步：建立""消息处理仪式""——固定时间+固定流程。","7","通过","","../rendered_articles/问题052_为什么ADHD的微信已读不回不是冷漠_是决策瘫痪.html"
"053","为什么ADHD的""冲动消费""其实是情绪套利——你的购物车是情绪K线的反向指标","2517","但真正的套利者知道，所有套利机会都会被市场抹平。 | ADHD的情绪波动比常人更剧烈，所以价值评估的扭曲也更严重。 | 你刷着手机，突然一个东西击中了你——不一定是需要它，是""想要""的感觉太强烈了。","痛点：那个时候你可能刚从一个情绪低谷爬出来，或者正在亢奋的顶峰。；需求：当冲动来临时，先跑一遍替代方案——不是因为替代方案更好，是因为你需要证明""我不是只能花钱""。；待办：每次情绪低谷时你用消费来""自救""，你的大脑就建立了一条更强的神经通路：""难受→买东西→好点""。","7","通过","","../rendered_articles/问题053_为什么ADHD的冲动消费其实是情绪套利_你的购物车是情绪K线的反向指标.html"
"054","为什么ADHD的""拖延清单""比""待办清单""更诚实——你逃避的事才是你的真需求","2700","拖延清单把""任务""分解为""阻力点""，而阻力点才是ADHD真正需要对付的敌人。 | 拖延的本质，往往是""害怕成功""""害怕失败""""害怕改变""——而这些害怕的背后，是你真正在乎的东西。 | 它们是不是都有一个共同特征——如果完成了，你的生活会发生真正的改变？","痛点：你明明想做那个项目，但一打开文档就 paralysis。；需求：拖延清单把""任务""分解为""阻力点""，而阻力点才是ADHD真正需要对付的敌人。；待办：第一步：建立""诚实的拖延清单""，只记录""在逃避什么""，不记录""应该做什么""。","7","通过","","../rendered_articles/问题054_为什么ADHD的拖延清单比待办清单更诚实_你逃避的事才是你的真需求.html"
"055","为什么ADHD的""凌晨三点灵感""是大脑的盘后交易——你的潜意识在收盘后做市","2787","但第二天早上，当你真正审视那个""绝妙想法""时，它往往没那么绝妙。 | ADHD之所以想在凌晨立刻执行，部分原因是""害怕灵感消失""。 | """"执行它需要我放弃什么更重要的事？","痛点：你有没有在凌晨三点突然坐起来，脑子里炸开一个""绝妙想法""？；需求：你有没有在凌晨三点突然坐起来，脑子里炸开一个""绝妙想法""？；待办：第一步：建立""凌晨灵感拘留所""——写下来，不执行。","7","通过","","../rendered_articles/问题055_为什么ADHD的凌晨三点灵感是大脑的盘后交易_你的潜意识在收盘后做市.html"
"056","为什么ADHD在AI时代不需要""专注""，需要""切换""——你的多线程是时代红利","2806","大多数突破性创新不是来自某个领域的深度专家，而是来自两个领域之间的""连接者""。 | 01 先理解""专注""为什么在传统时代是核心能力。 | 你的角色从""执行者""变成了""指挥者""，而指挥者的核心能力是""同时关注多个战场并快速切换注意力""。","痛点：你有没有被说过""你需要培养专注力""？；需求：你需要的是""快速扫描→识别信号→切换赛道""的能力，不是""埋头十年""的耐力。；待办：这个时代奖励的不是""谁能最久地盯着一个东西""，是""谁能最快地在多个东西之间建立正确连接""。","7","通过","","../rendered_articles/问题056_为什么ADHD在AI时代不需要专注需要切换_你的多线程是时代红利.html"
"057","为什么ADHD的""社交电池""充电比放电快十倍——你不是内向，你是高频脉冲社交动物","2592","对真正理解你的人，这个中场休息会让你们的关系更好——因为回来的你是""满血的你""，不是""硬撑的你""。 | 传统的""内向-外向""光谱解释不了——内向者需要长时间独处充电，外向者从社交中持续获得能量。 | 放电结束后，你不是""有点累""，你是""完全归零""——需要立刻逃离，需要黑暗，需要安静，需要没有人看向你。","痛点：你是不是更倾向于""多个短社交""而不是""一个长社交""？；需求：Decide: 是否需要建立""社交电容管理""的Agent提醒系统（聚会时长预测+中场休息提醒+逃生舱预设）。；待办：在需要快速建立连接、快速推进关系、快速点燃气氛的场景中，你是无价的。","7","通过","","../rendered_articles/问题057_为什么ADHD的社交电池充电比放电快十倍.html"
"058","为什么ADHD的""未完成情结""是创业的原力——你的烂尾楼是未来的城市天际线","2912","不是""我没完成所以我很烂""的耻辱记录，是""这个项目在什么条件下重新变得有趣""的可能性地图。 | 你也开始相信这个叙事：ADHD的""未完成""是一种病，需要被治愈。 | 在传统的""员工思维""里，这是灾难——老板需要你把一件事做到100%然后交卷。","痛点：你有没有数过自己有多少个""做到一半""的项目？；需求：你有没有数过自己有多少个""做到一半""的项目？；待办：第一步：建立""烂尾楼档案""，给每个未完成项目写一行""为什么停了""和""什么条件下可以重启""。","7","通过","","../rendered_articles/问题058_为什么ADHD的未完成情结是创业的原力_你的烂尾楼是未来的城市天际线.html"
"059","为什么ADHD的""多线程崩溃""需要单线程Agent来救——你的并行处理器需要一根外部主线程","2795","崩溃之后，你是不是往往不是""选择最重要的任务开始做""，而是""刷手机/吃东西/睡觉""？ | 上午你在写A项目的文案，脑子里突然跳出B项目的一个bug，然后C项目的合作方发来消息问你进展，D项目的 deadline 是今天但你还没开始，E... | 结果是：所有线程都在竞争注意力，没有一个能真正推进。","痛点：崩溃之后，你是不是往往不是""选择最重要的任务开始做""，而是""刷手机/吃东西/睡觉""？；需求：Agent的关键作用是""有控制的切换""：""A已经进行了90分钟，效率曲线在下降。；待办：Decide: 是否需要建立""单线程Agent""的最小可用原型（任务锁定+强制切换+每日归档）。","7","通过","","../rendered_articles/问题059_为什么ADHD的多线程崩溃需要单线程Agent来救_你的并行处理器需要一根外部主线程.html"
"060","为什么ADHD的""情绪过山车""是最高频的市场信号处理器——你的剧烈波动是别人的领先指标","2661","你的亢奋可能预示着真正的机会，也可能只是神经化学的随机波动。 | ""多相位合成，是你超越""稳定情绪观察者""的关键能力。 | 但如果你换一个框架：你的情绪系统是一个高频采样器，它以远高于常人的频率采集环境信号，所以你的""情绪波动""其实是""信号放大""。","痛点：你有没有想过，你的情绪过山车可能不是缺陷，是一台别人没有的信号接收器？；需求：Decide: 是否需要建立""情绪-信号""验证系统（情绪日志+Agent分析+命中率追踪），作为ADHD投资者的长期基础设施...；待办：每次经历强烈的情绪起伏时，记录：情绪类型（焦虑/亢奋/愤怒/恐惧）、强度（1-10）、触发线索（即使模糊也写下来）、后续验证...","7","通过","","../rendered_articles/问题060_为什么ADHD的情绪过山车是最高频的市场信号处理器_你的剧烈波动是别人的领先指标.html"
"061","为什么ADHD的""注意力残留""是跨领域创新的秘密通道——你的""串味""不是缺陷是杂交优势","2347","因为创新的本质从来不是在一个领域里钻得更深，而是把一个领域的结构搬到另一个领域。 | 回看你过去三年最被称赞的几个产出——文章、提案、设计、决策——它们多半不是某个单一领域的深耕，而是""A领域的方法用在B领域的问题上""。 | 这个翻译过程本身就是创新——你被迫提炼出A概念里""领域无关""的核心结构。","痛点：你有没有想过，你为什么总是""上一件事的味道还没散""就开始下一件事？；需求：在AI已经能做""专注执行""的时代，专注本身不再稀缺——稀缺的是""把A领域的味道带到B领域去""的能力。；待办：生物学和经济学共享大量底层结构（选择压力、变异、放大循环），但被学科墙隔开。","7","通过","","../rendered_articles/问题061_为什么ADHD的注意力残留是跨领域创新的秘密通道_你的串味不是缺陷是杂交优势.html"
"062","为什么ADHD需要""负罪感焚烧炉""而不是""自律打卡表""——你的内疚不是动力是债务陷阱","2427","等到内疚累积到临界，你不是开始行动，而是开始用追剧、刷手机、暴食这些低成本多巴胺把整个系统短路。 | 焚烧炉把所有""应该""清零后，你才能重新分级：哪些是真正重要的、哪些只是社会规训残留。 | 这一条是你真正在意的，其他都是社会规训留下的心理债。","痛点：你有没有发现，你下载的每一个习惯打卡App，都在第二周变成了一个""未完成的债主""？；需求：焚烧炉把所有""应该""清零后，你才能重新分级：哪些是真正重要的、哪些只是社会规训残留。；待办：每周固定一天（推荐周日晚上或周一早上），做一个仪式化的动作：把过去一周所有""应该没做""的事，逐条写下来，然后烧掉、删掉、撕掉...","7","通过","","../rendered_articles/问题062_为什么ADHD需要负罪感焚烧炉而不是自律打卡表_你的内疚不是动力是债务陷阱.html"
"063","为什么ADHD的""过度解释""是大脑的防御性DDOS——你不是在沟通是在让对方无法反驳","2428","RSD是ADHD群体里高度普遍的特征——对潜在拒绝/批评的反应远超常人，且早于真正发生。 | 写完一段回复后扔给Agent，让它做一件事：在不改变核心答案的前提下，砍掉所有""防御性细节""，只保留对方真正问的信息。 | 你的大脑可以从""如何让对方无法反驳""，升级为""如何让对方真正听到""。","痛点：你有没有发现，别人问你一个简单的""为什么没做完""，你的回答能说五分钟？；需求：它是一种合理的、但已经过时的生存策略——它在你需要被保护的童年和青少年时帮你扛过了无数次羞辱。；待办："" 半年后你会发现，没人再主动问你了——你以为是边界感建立了，其实是你被静默孤立了。","7","通过","","../rendered_articles/问题063_为什么ADHD的过度解释是大脑的防御性DDOS_你不是在沟通是在让对方无法反驳.html"
"064","为什么ADHD在AI时代应该放弃""终身学习""，拥抱""终身卸载""——你的大脑不是硬盘，是缓存","2464","这一步的关键不是""我以后会查""，而是""我现在可以从大脑里把它清出去""。 | 第一，注意力是真正的稀缺资源，不是知识。 | 卸载不是丢失，是腾出索引位给真正需要被注意的当下问题。","痛点：你有没有意识到，""终身学习""这句励志口号，对ADHD来说是一场缓慢的窒息？；需求：卸载不是丢失，是腾出索引位给真正需要被注意的当下问题。；待办：教育系统、职业证书、专业身份，全部建立在这个假设上。","7","通过","","../rendered_articles/问题064_为什么ADHD在AI时代应该放弃终身学习拥抱终身卸载_你的大脑不是硬盘是缓存.html"
"065","为什么ADHD的""人设疲劳""需要Agent来做社交面具管理——你不是装得太累，是切得太频","2517","应对它的办法不是""做更真实的自己""（这个建议太昂贵，多数人付不起），也不是""练就铜墙铁壁""（这个反向训练你的高方差优势），而是把面具管理从""靠脑... | 这一步把""加载人设""从""靠记忆""改成""按需调取""，省下来的工作记忆全部留给真正的对话内容。 | 写下你最常切换的5-8个人设：对老板、对核心客户、对下属、对父母、对伴侣、对朋友A、对朋友B、对自己。","痛点：你有没有这种感觉：一天下来，你换了五个人格，回到家瘫在沙发上像被掏空？；需求：Agent管家的第一个价值：把你和每个关键对象的""沟通规则""显式写下来——""对A老板：先说结论再说理由；不主动报忧；不评价同...；待办：Agent管家的第一个价值：把你和每个关键对象的""沟通规则""显式写下来——""对A老板：先说结论再说理由；不主动报忧；不评价同...","7","通过","","../rendered_articles/问题065_为什么ADHD的人设疲劳需要Agent来做社交面具管理_你不是装的太累是切的太频.html"
"066","为什么ADHD的""睡眠相位延迟""是进化遗留的夜间哨兵模式——你不是失眠，你在站岗","2486","这一步保证你的哨兵岗位真正产生了部落级的价值——不只是你自己看见火光，整个系统都看见了。 | 神经典型者的SCN周期接近24小时，所以与""日出而作、日落而息""的环境对齐良好。 | 在人类进化的环境里，部落需要有人值夜班——有人凌晨两点还醒着，警惕捕食者、看护火堆、监听异响。","痛点：你有没有发现，凌晨一两点你的脑子最清醒，反而是十一点准点上床那个动作要了你的命？；需求：你需要的是停止内化""早起=美德""的工业时代道德观，然后开始系统化你已经在做的事——夜间站岗。；待办：第二步：选择允许""夜班-早班错峰""的工作结构。","7","通过","","../rendered_articles/问题066_为什么ADHD的睡眠相位延迟是进化遗留的夜间哨兵模式_你不是失眠你在站岗.html"
"067","为什么ADHD的""灾难化思维""是大脑的蒙特卡洛模拟——你不是悲观，你在跑情景分析","2665","它的核心特点是：抽样越极端、覆盖越广，对尾部风险（tail risk）的估计越准。 | 它在你脑子里出现得过于频繁、过于具象，所以被定义为""病""。 | 问题不是模拟本身，问题是：(1) 你把所有情景都体验为""现在正在发生""，所以情绪上付了完整代价；(2) 你的输出端只输出""灾难版本""，所以别人以...","痛点：你有没有这样的时刻：领导只是说""下周聊一下""，你的大脑五分钟内已经完成了""被裁员-还房贷-离婚-住地下室-死了没人收尸""的完...；需求：问题不是模拟本身，问题是：(1) 你把所有情景都体验为""现在正在发生""，所以情绪上付了完整代价；(2) 你的输出端只输出""灾...；待办：写下来的瞬间，你从""住进去""切换为""观察""。","7","通过","","../rendered_articles/问题067_为什么ADHD的灾难化思维是大脑的蒙特卡洛模拟_你不是悲观你在跑情景分析.html"
"068","为什么ADHD的""并行阅读""不是注意力缺陷，是知识套利——你同时开十本书是在做组合配置","2432","当你从A书切到B书，不是因为A无聊，而是因为A里某个概念触发了""我应该去B里查个东西""的联想。 | 组合阅读的真正价值在切换点，不在""读完率""。 | 回想你过去一年真正用上的书的概念——是不是大多来自你""没读完""的书？","痛点：ADHD的大脑天然倾向第二种模式，但被教育系统训练的""读书人""道德观（""读书要专心""""善始善终""）反复打压。；需求：当你从A书切到B书，不是因为A无聊，而是因为A里某个概念触发了""我应该去B里查个东西""的联想。；待办：Decide: 是否做一个 reading-portfolio.md 模板（持仓表 + 切换日志）。","7","通过","","../rendered_articles/问题068_为什么ADHD的并行阅读不是注意力缺陷是知识套利_你同时开十本书是在做组合配置.html"
"069","为什么ADHD需要""反生产力""的空白时间才能真正生产力——你最忙的那一天产出最低","2454","把A概念和B概念组合出新洞察，需要的不是""专注思考30分钟""，而是它们在你脑子里""飘""足够久。 | 简单说：你的真正稀缺资源不是""工作时间""，是""DMN活跃但不被打断的窗口""。 | 你最闲的那一周，往往孕育了下个季度的关键作品。","痛点：你有没有发现这个矛盾：你最填满的那一周，产出几乎是零；那个被你视为""浪费""的周末发呆，反而是你接下来三周最高质量产出的来源？；需求：你最闲的那一周，往往孕育了下个季度的关键作品。；待办：第二步：建立""空白比例""目标，而非""产出量""目标。","7","通过","","../rendered_articles/问题069_为什么ADHD需要反生产力的空白时间才能真正生产力_你最忙的那一天产出最低.html"
"070","为什么ADHD的""高敏感""（HSP）叠加是信号放大器的过载与校准——你不是玻璃心，是高增益接收机","2750","它意味着你需要的不是""减少敏感""，而是""主动设计你的接收-处理链路""。 | 你需要的不是""减少所有刺激""（那会让ADHD部分凋零），而是有选择地控制刺激源：噪声大的环境用降噪耳机、视觉杂乱的工位放档板、社交密度过高时段安... | 你必须有真正的下线时段——独处、低刺激、无任务。","痛点：你有没有发现自己的痛苦比别人更深、感动也比别人更深、对环境的不适反应也比别人更强烈？；需求：你不需要""假装它没影响你""，你需要承认你的接收机分辨率很高，然后系统化地决定哪些值得放大、哪些应该屏蔽。；待办：第二步：建立""恢复窗口""的不可侵犯权。","7","通过","","../rendered_articles/问题070_为什么ADHD的高敏感HSP叠加是信号放大器的过载与校准_你不是玻璃心是高增益接收机.html"
"071","为什么ADHD的""冲动辞职""是对系统性错配的最终止损——你不是逃避，是熔断","2624","但临床和职业行为研究指向另一个解释：ADHD的""冲动辞职""通常不是逃避，而是系统对长期错配的强制熔断。 | 一个错配岗位待5年的代价不是5年工资的对立面（你确实拿到了工资），而是5年里你没有机会进入匹配你的环境、5年没有机会建立你独特的复利、5年里慢性... | 神经典型者的容错性较高——错配3-4个维度也能撑下去，靠的是高抑制控制（""我知道这不好但我能忍""）、稳定的情绪基线（错配的代谢成本不会立刻表现为...","痛点：你有没有过这样的时刻：某天早上你看着电脑屏幕，脑子里突然冒出一句""我不干了""，然后你真的写了辞职信？；需求：岗位错配（job-fit mismatch）指你和你岗位之间在多个维度上的不兼容：能量类型（你是脉冲型，岗位需要稳定）、刺激...；待办：离开旧岗位时，写下你在新岗位上要测试的""匹配假设""。","7","通过","","../rendered_articles/问题071_为什么ADHD的冲动辞职是对系统性错配的最终止损_你不是逃避是熔断.html"
"072","为什么ADHD的""单曲循环""是大脑的频率锁定与状态锚定——你不是听腻不了，是在保护工位","2401","你甚至会刻意选一首""不那么好听""的歌——因为你需要它""足够无聊""，才不会分走你的注意力。 | ADHD的工作状态启动需要""激活的临界质量""——单一线索（""坐下""）不够，需要多个线索同时到位才能进入。 | 这是为什么你需要""特定的咖啡杯""""特定的位置""""特定的灯光""""特定的笔""。","痛点：这是状态锚定有效的反向证据：当锚被拔掉，状态崩塌。；需求：你甚至会刻意选一首""不那么好听""的歌——因为你需要它""足够无聊""，才不会分走你的注意力。；待办：把锚定歌列入""只在工作时段播放""的清单。","7","通过","","../rendered_articles/问题072_为什么ADHD的单曲循环是大脑的频率锁定与状态锚定_你不是听腻不了是在保护工位.html"
"073","为什么ADHD的""过度道歉""是社交带宽的 leaky abstraction——你不是软弱，是接口失血","2577","每一次""过度道歉""都在做一件事：把你内部的不安泄露到社交接口外，让对方接收的不是""你的承担""，而是""你的内部不稳定状态""。 | 你有没有发现，你一天会说几十次""不好意思""——而其中真正需要道歉的可能只有两三次？ | 给自己设定一天最多3-5次真正意义上的道歉（针对真实造成负担的事件）。","痛点：你有没有发现，你一天会说几十次""不好意思""——而其中真正需要道歉的可能只有两三次？；需求：第三步：在写作和邮件里搜索关键词清理。；待办：Decide: 是否做一个 ""apology-audit"" Skill——文本输入→自动标出过度道歉点→建议替换句。","7","通过","","../rendered_articles/问题073_为什么ADHD的过度道歉是社交带宽的leaky_abstraction_你不是软弱是接口失血.html"
"074","为什么ADHD的""空间混乱""是物理环境的哈希表——你不是邋遢，是用空间做索引","2594","临床观察反复出现一个模式：当 ADHD 个体被伴侣/父母强行收拾房间后，会出现 1-2 周的明显效率下降、焦虑增加、关键物品丢失。 | 建一个简单文本文件，记录关键物品的""最后已知位置""（重要文件、护照、合同、备用钥匙）。 | Decide: 是否做一个 ""spatial-hash.md"" 模板：区域定义 + 关键物品 metadata 备份。","痛点：把这些点位的精度对比一个被你""整理""过的箱子（你大概率忘了里面有什么）——你会看到哈希的胜利。；需求：临床观察反复出现一个模式：当 ADHD 个体被伴侣/父母强行收拾房间后，会出现 1-2 周的明显效率下降、焦虑增加、关键物品...；待办：强行用整洁系统的代价是：每次找东西要先做一次""我当初把它归到哪类""的元认知运算——而你的元认知运算是有限且不稳的。","7","通过","","../rendered_articles/问题074_为什么ADHD的空间混乱是物理环境的哈希表_你不是邋遢是用空间做索引.html"
"075","为什么ADHD需要""仪式感""作为状态切换的外部中断向量——你不是矫情，是在装启动键","2536","ADHD 的解决方案不是修复内部启动链路（这条链路是神经层面的，不易改），而是用""外部信号""来替代/触发内部启动。 | 回想今天早上你做的第一件让你""真正进入今天""的事。 | 第二步：为每个关键状态设计一个简短仪式。","痛点：你有没有发现，你需要那个特定的咖啡杯、那段特定的开机动作、那只特定的笔——少了一个，你就真的进不去工作状态？；需求：第二步：为每个关键状态设计一个简短仪式。；待办：把它们写下来，给它们命名（""深度写作启动""""会议前清场""""睡前下线""）。","7","通过","","../rendered_articles/问题075_为什么ADHD需要仪式感作为状态切换的外部中断向量_你不是矫情是在装启动键.html"
"076","为什么ADHD的心算困难是大脑把工作记忆让位给了发散网络？你不是数学差，是缓存被联想占满了","860","不是不会加，而是数字在脑内排不住队。 | 你不是不会算，而是临时黑板上总有人跑来写别的东西。 | 解决方式不是硬练到不需要工具，而是主动外部化。","痛点：很多 ADHD 有一种很羞耻的体验：明明能理解复杂概念，却会在简单心算上卡住。；需求：解决方式不是硬练到不需要工具，而是主动外部化。；待办：以后遇到心算，不要先证明自己聪明。直接说：；“我写一下。”；然后写下来。","6","通过","","../rendered_articles/问题076_为什么ADHD的心算困难是大脑把工作记忆让位给了发散网络_你不是数学差是缓存被联想占满了.html"
"077","为什么ADHD的完成恐惧比拖延更深一层？你不是怕开始，是怕作品进入现实被审判","844","ADHD 对反馈非常敏感，所以完成不是终点，而是一场暴露。 | 第一，你最容易拖住的不是完全没价值的东西，而是你真的在乎的东西。 | 04 所以 ADHD 需要重新定义完成。","痛点：第一，你最容易拖住的不是完全没价值的东西，而是你真的在乎的东西。；需求：所以 ADHD 需要重新定义完成。；待办：写下：；ADHD 不是只怕开始。很多时候，你更怕完成后的现实反馈。可内容、产品、关系和事业都只在现实里生长。未完成保护了你的幻想，也困住了你的资产。","6","通过","","../rendered_articles/问题077_为什么ADHD的完成恐惧比拖延更深一层_你不是怕开始是怕作品进入现实被审判.html"
"078","为什么ADHD的超聚焦是高浓度的多巴胺极化，不是意志力胜利？你不是终于自律了，是系统被单一信号劫持了","882","你不是自由地选择专注，而是被某个信号抓住。 | 02 超聚焦的关键不是意志力，而是刺激结构。 | 不是提醒你停止，而是提醒你保存成果。","痛点：ADHD 最容易被误解的一点是：你明明也能连续干十个小时，怎么能说自己注意力有问题？；需求：你需要两套系统： 超聚焦系统，负责高能突破。；待办：闹钟响后做三件事：；写下当前进度。；写下下一步动作。","6","通过","","../rendered_articles/问题078_为什么ADHD的超聚焦是高浓度的多巴胺极化不是意志力胜利_你不是终于自律了是系统被单一信号劫持了.html"
"079","为什么ADHD被打断后回不来是栈指针丢失，不是性格脆弱？你断掉的不是心情，是任务现场","882","你不是不想回来，而是回来时发现“现场地址”没了。 | 尤其是写作、编程、研究、策划这种需要长链路保持的工作，一次打断不是插曲，而是重启。 | 第一，很多 ADHD 被打断后不是立刻继续，而是开始刷手机、看别的文件、重新找入口。","痛点：”你回答完，回到屏幕前，突然不知道自己刚才要写哪一句。；需求：所以 ADHD 需要“中断保护协议”。；待办：如果我被打断，回来先做：___；比如：；如果我被打断，回来先写 03 的第二个铁证。","6","通过","","../rendered_articles/问题079_为什么ADHD被打断后回不来是栈指针丢失不是性格脆弱_你断掉的不是心情是任务现场.html"
"080","为什么ADHD的过度共情是镜像系统的无门控泄洪？你不是太敏感，是别人的情绪没有边界地进来了","831","有些 ADHD 不是不懂别人，而是太懂。 | 真正成熟的共情，不是替所有人淋雨，而是知道什么时候撑伞，什么时候递伞，什么时候回到自己的房间。 | 04 所以 ADHD 需要区分共情和接管。","痛点：有些 ADHD 不是不懂别人，而是太懂。；需求：所以 ADHD 需要区分共情和接管。；待办：“我能理解你现在不舒服，但我需要先确认：这件事里我具体能做什么？”；这句话能把无边界情绪，拉回具体请求。；ADHD 的过度共情不是道德缺陷，也不是单纯善良。它是一套高增益情绪接收系统。...","6","通过","","../rendered_articles/问题080_为什么ADHD的过度共情是镜像系统的无门控泄洪_你不是太敏感是别人的情绪没有边界地进来了.html"
"081","为什么ADHD的决策疲劳在下午三点比午饭前更可预测？你不是突然废了，是前额叶带宽被上午花光了","879","到了下午三点，系统不是突然变差，而是电量账单终于显示出来。 | 第一，你上午能决定的事，下午会突然变难，说明问题不是价值判断本身，而是资源状态。 | 说明你缺的不是能量本身，而是选择能力。","痛点：很多 ADHD 的下午三点都有一种熟悉的报废感。；需求：说明你缺的不是能量本身，而是选择能力。；待办：提前写 5 个低决策动作：；记录一个反馈。；下午三点只从这 5 个里选，不重新规划人生。","6","通过","","../rendered_articles/问题081_为什么ADHD的决策疲劳在下午三点比午饭前更可预测_你不是突然废了是前额叶带宽被上午花光了.html"
"082","为什么ADHD需要任务的物理化身才能真正记得？你的大脑不是不重视，是看不见就等于不存在","805","第三，你经常不是不想做，而是任务没有在正确时刻出现在你的感官系统里。 | 04 所以 ADHD 的任务管理不该只追求数字化。 | ADHD 经常需要外部物体来维持存在感。","痛点：ADHD 经常需要外部物体来维持存在感。；需求：你需要混合系统：重要任务必须有物理或视觉锚点。；待办：拿一张纸，写：；今天唯一动作：___；完成证据：___","6","通过","","../rendered_articles/问题082_为什么ADHD需要任务的物理化身才能真正记得_你的大脑不是不重视是看不见就等于不存在.html"
"083","为什么ADHD的反复确认不是焦虑，是工作记忆校验和？你不是不信任自己，是缓存太容易掉线","1141","最后你不是在防错，而是在被“我可能出错”绑架。 | 04 所以解决方法不是骂自己“别焦虑”，而是把确认工程化。 | 关键不是不确认，而是确认后必须有结束标志。","痛点：因为你太熟悉一种掉线感：刚刚明明想到了，下一秒就忘了；刚刚明明放进包里，出门后突然不确定；刚刚明明改过文件，回头又怀疑是不是...；需求：真正要改的不是确认本身，而是把确认从无限循环，改造成一次可结束、可留证、可复用的校验动作。；待办：确认后禁止做什么？；我要确认门锁。标准是门把手下压打不开。完成证据是拍照。确认后禁止返回二次检查。；ADHD 的反复确认不是纯粹矫情。它常常是一个缓存不稳定系统在自救。真正要改的不是确...","6","通过","","../rendered_articles/问题083_为什么ADHD的反复确认不是焦虑是工作记忆校验和_你不是不信任自己是缓存太容易掉线.html"
"084","为什么ADHD读不完非虚构书恰恰是因为太懂这本书的核心？你不是没耐心，是已经抓到主干后不想陪它走完证明","862","02 ADHD 读书常常不是线性吸收，而是模型捕获。 | 你不是为了把整本书从第一页搬到最后一页，而是为了捕捉一个可迁移结构：这个框架能不能解释我的问题？ | 第三，你真正能读完的书，往往不是信息密度最高的，而是持续给你新连接的。","痛点：很多 ADHD 的书架上都有一种奇观：大量读了一半的非虚构书。；需求：真正重要的不是一本书有没有被你从头读到尾，而是它有没有在你脑子里变成一个能继续发电的结构。；待办：打开一本你读了一半的非虚构书，写三行：","6","通过","","../rendered_articles/问题084_为什么ADHD读不完非虚构书恰恰是因为太懂这本书的核心_你不是没耐心是已经抓到主干后不想陪它走完证明.html"
"085","为什么ADHD的反复重启项目是迭代而不是循环？你不是总在从头开始，是每次都带回了新参数","801","真正要补的不是禁止重启，而是让每一次重启都带回旧世界的资产，而不是只带回羞耻。 | 真正的问题是，如果没有迁移旧资产，你就会反复丢失已经付过学费的东西。 | 04 所以 ADHD 需要“重启协议”。","痛点：旧项目里堆满了没做到、没收尾、没发布、没反馈，一打开就有羞耻味。；需求：真正要补的不是禁止重启，而是让每一次重启都带回旧世界的资产，而不是只带回羞耻。；待办：v1 做了什么？；v2 只交付什么？；这四行能把“我又失败了”变成“我在迭代”。","6","通过","","../rendered_articles/问题085_为什么ADHD的反复重启项目是迭代而不是循环_你不是总在从头开始是每次都带回了新参数.html"
"086","为什么ADHD会议中突然走神是大脑在帮你识别真正的关键句？你不是没听，而是在等信号出现","813","所以 ADHD 会议能力不是差，而是偏科。 | 但奇怪的是，当有人说出真正关键的一句话，你又会突然醒过来，甚至立刻指出问题。 | 你不被形式拖住，能直接听见真正不对劲的地方。","痛点：第三，你会后最容易忘的是待办，不是判断。；需求：但奇怪的是，当有人说出真正关键的一句话，你又会突然醒过来，甚至立刻指出问题。；待办：左栏：关键句。；中栏：它说明什么问题。；右栏：下一步动作。","6","通过","","../rendered_articles/问题086_为什么ADHD会议中突然走神是大脑在帮你识别真正的关键句_你不是没听而是在等信号出现.html"
"087","为什么ADHD截止日期前才动是延迟最大化期望效用的理性策略？你不是只会拖，是系统在等足够强的启动信号","817","ADHD 不是喜欢痛苦，而是很多任务只有在痛苦足够具体时才获得启动权限。 | 04 所以 ADHD 要把 deadline 从惩罚改造成设计。 | 第一，你在 deadline 前的能力并不低，说明问题不是不会做。","痛点：第二，没有外部期限的个人项目最容易烂尾，说明“自己知道重要”不够。；需求：第一，你在 deadline 前的能力并不低，说明问题不是不会做。；待办：不要写“这周完成”。写：；今天 21 点前，把第一版发给某个人或放进某个文件夹。；ADHD 截止日期前才动，不是道德失败。它是一套高刺激启动系统。但如果你只依赖最后一刻，人生会被反复烧...","6","通过","","../rendered_articles/问题087_为什么ADHD截止日期前才动是延迟最大化期望效用的理性策略_你不是只会拖是系统在等足够强的启动信号.html"
"088","为什么ADHD反复刷同一个信息流是低成本的多巴胺取暖？你不是堕落，是大脑在找最低门槛的火源","1054","说明它不是普通娱乐选择，而是低电量自救。 | 真正要做的，不是骂自己怎么又靠近火源，而是给大脑准备更好的取暖方式，并让每一次取暖都有机会接上现实。 | 真正重要的任务通常启动成本高、反馈慢、风险大。","痛点：你明明知道没什么新东西了，还是继续刷。；需求：真正重要的任务通常启动成本高、反馈慢、风险大。；待办：每次想刷前，先做 90 秒：；问自己：我是在休息，还是在取暖？；再加一条升级规则：如果刷到了一个真的有价值的内容，立刻让它变成一个文件动作。比如写成一行选题、一条评论、一段素材，而不是...","6","通过","","../rendered_articles/问题088_为什么ADHD反复刷同一个信息流是低成本的多巴胺取暖_你不是堕落是大脑在找最低门槛的火源.html"
"089","为什么ADHD无法决定吃什么是选择维度过载，不是优柔寡断？你不是没主见，是每个选项都打开了太多后台","805","你不是不知道想吃什么，而是每个选项都会激活一串后果推演。 | 第一，你不是只在重大选择上困难，小选择也会卡住，说明问题不是价值观，而是选择系统。 | 说明你需要的不是更多自由，而是更少入口。","痛点：第一，你不是只在重大选择上困难，小选择也会卡住，说明问题不是价值观，而是选择系统。；需求：你不是剥夺自由，而是把自由留给真正重要的地方。；待办：低电量默认：___；高压力默认：___；想奖励默认：___","6","通过","","../rendered_articles/问题089_为什么ADHD无法决定吃什么是选择维度过载不是优柔寡断_你不是没主见是每个选项都打开了太多后台.html"
"090","为什么ADHD工作时听书做菜同时进行是有意的认知节流？你不是混乱，是给大脑加背景负载防止系统掉线","801","不是为了分散注意力，而是为了防止注意力掉线。 | 真正有效的认知节流，是让背景负载足够轻、足够熟、足够可自动运行。 | 02 关键在于“背景任务”不能抢主线程。","痛点：有些 ADHD 的工作方式在外人看来非常离谱。；需求：你需要的是主线程明确、背景负载可控。；待办：写下三类：；安全背景：不会抢注意力。；危险背景：容易把我带跑。","6","通过","","../rendered_articles/问题090_为什么ADHD工作时听书做菜同时进行是有意的认知节流_你不是混乱是给大脑加背景负载防止系统掉线.html"
"091","为什么ADHD最需要的不是待办软件，而是“今日唯一动作”——你不是不会规划，是同时背了太多开机任务","2797","你有没有发现，待办软件对你最大的作用，不是帮你完成任务，而是帮你制造一种持续的、低剂量的窒息？ | 它看到的不是“优先级”，而是“同时存在的未完成”。 | 所以ADHD最需要的从来不是一个更花哨的待办系统，而是一个极其粗暴的机制： 今天只允许有一个真正的动作。","痛点：你有没有发现，待办软件对你最大的作用，不是帮你完成任务，而是帮你制造一种持续的、低剂量的窒息？；需求：你今天真正需要完成的，真的有十件吗？；待办：今天只认一个动作，其他全部降级成背景噪音。","7","通过","","../rendered_articles/问题091_为什么ADHD最需要的不是待办软件而是今日唯一动作_你不是不会规划是同时背了太多开机任务.html"
"092","为什么ADHD的AI工作流必须有“降级手动入口”——你的外部前额叶不能只有豪华模式，还要有断电模式","2554","你本来就不是靠稳定内驱在推进，而是靠这套外部前额叶托着走。 | 降级手动入口的价值，不是让你优雅，而是让你不中断。 | 真正决定系统寿命的，往往不是顺风局，而是故障时有没有第二条路。","痛点：对你更关键的是另一件事：失败那次，你有没有马上接住。；需求：你真正需要的，不是一个永远不会失败的外部前额叶。；待办：降级设计会逼你回答一个很硬的问题：这件事如果今天必须徒手做完，最小动作到底是什么？","7","通过","","../rendered_articles/问题092_为什么ADHD的AI工作流必须有降级手动入口_你的外部前额叶不能只有豪华模式还要有断电模式.html"
"093","为什么ADHD的好想法死在“没有反馈回流”——你缺的不是灵感，是让现实回话的回路","2280","铁证一：你过往真正推进最快的项目，通常都不是“最成熟”的那个，而是“最先收到回应”的那个。 | 不是因为它客观上没价值，而是因为大脑无法持续为“没有任何现实回音的抽象可能”供能。 | 不是今天写了几百字，而是今天哪条内容有人回应、谁说了什么、哪句话让人停下来了、哪个问题被反复问到。","痛点：不是因为它客观上没价值，而是因为大脑无法持续为“没有任何现实回音的抽象可能”供能。；需求：为什么“反馈回流”比“继续优化想法”更关键？；待办：Decide: 是否建立一张 `回流台账`，每篇内容只追三项：谁回应了、重复问题是什么、哪句话最能带来后续动作。","7","通过","","../rendered_articles/问题093_为什么ADHD的好想法死在没有反馈回流_你缺的不是灵感是让现实回话的回路.html"
"094","为什么ADHD的内容创业不能靠日更，而要靠“脉冲式发布”——你不是流水线作者，你是高压电容","2084","然后你很快发现，这套东西对你最大的作用，不是帮助创作，而是帮助内疚。 | 因为你真正的优势不是“每天都差不多”，而是“某几天远高于平均值”。 | 你真正需要守住的不是日历连续性，而是内容质量和主线连续性。","痛点：你有没有被“稳定日更”这四个字长期羞辱过？；需求：你真正需要守住的不是日历连续性，而是内容质量和主线连续性。；待办：所以如果你把内容创业的底层节奏建立在“每天都必须稳定输出一点”上，你很容易把自己训练成一个长期自责的人，而不是一个长期有作品...","7","通过","","../rendered_articles/问题094_为什么ADHD的内容创业不能靠日更而要靠脉冲式发布_你不是流水线作者你是高压电容.html"
"095","为什么ADHD的个人品牌不是定位出来的，是从反复失控里长出来的——你的辨识度藏在你总忍不住反复谈的伤口里","2113","第三，因为个人品牌的本质不是简介，而是可预期的视角。 | 人们关注你，不是因为你自称什么，而是因为他们知道：一旦某类问题出现，你会怎么解释、怎么命名、怎么拆、怎么把混乱压成结构。 | 第四，因为ADHD的成长路线本来就不是直线定位，而是连续自我重构。","痛点：你有没有发现，一谈到“个人品牌定位”，你就会本能地有点抗拒？；需求：第三，因为个人品牌的本质不是简介，而是可预期的视角。；待办：记录那些你总是会卡住、总是会爆掉、总是会想反思的问题。","7","通过","","../rendered_articles/问题095_为什么ADHD的个人品牌不是定位出来的是从反复失控里长出来的_你的辨识度藏在你总忍不住反复谈的伤口里.html"
"096","为什么ADHD最危险的不是拖延，而是把搭系统误认为推进——你以为自己在铺路，其实一直在修停车场","1985","铁证一：判断推进最简单的方法，不是看你今天做了多少系统动作，而是看现实有没有被拨动。 | 铁证二：很多人最“高效”的时期，反而不是系统最完善的时候，而是系统足够用就被迫出手的时候。 | 系统不是不能做，而是不能无限吃掉黄金时段。","痛点：因为它几乎同时满足了你最容易上头的几种奖励。；需求：因为不完美会迫使你先接触现实，现实再反过来逼着系统长出真正需要的部分。；待办：Decide: 是否建立一个 `反自嗨审计` 页面，只看最近 7 天的真实发布、真实回流、真实报价三项。","7","通过","","../rendered_articles/问题096_为什么ADHD最危险的不是拖延而是把搭系统误认为推进_你以为自己在铺路其实一直在修停车场.html"
"097","为什么ADHD需要一个“烂尾项目复活清单”——你不是总在放弃，你是在没有复活协议的世界里反复断线","1982","问题是，ADHD的“有空”常常不是一个日程点，而是一种玄学状态。 | 很多时候你缺的不是新点子，而是重新接电。 | 有些主题之所以反复回来，不是因为你优柔寡断，而是因为它们确实属于你。","痛点：Decide: 是否建立一张 `烂尾项目复活清单`，先从最容易带来真实回流的 10 个旧项目开始盘点。；需求：很多时候你缺的不是新点子，而是重新接电。；待办：Decide: 是否建立一张 `烂尾项目复活清单`，先从最容易带来真实回流的 10 个旧项目开始盘点。","7","通过","","../rendered_articles/问题097_为什么ADHD需要一个烂尾项目复活清单_你不是总在放弃你是在没有复活协议的世界里反复断线.html"
"098","为什么ADHD的现金流要从外部反馈开始，而不是从完美产品开始——先让世界回你一句话，再谈规模化","2105","第三，因为最初的现金流往往不是靠产品完成的，而是靠手工交付完成的。 | 不是因为大家不懂产品，而是因为手工交付能最快接触真实需求，最快看到哪一步值得产品化。 | 铁证一：很多第一笔钱，根本不是从“上线产品页”来的，而是从一次对话、一次试做、一次小范围测试来的。","痛点：它比拖延好看，比发呆高级，比刷手机更像事业。；需求：你以为用户想买的是A，结果对方真正激动的是B；你以为大家会为完整系统付费，结果他们先想要的只是一个模板、一通咨询、一次代做。；待办：Decide: 是否开始把这 8 篇分别改成公众号首发版 + 小红书短版 + 一个最小服务入口文案。","7","通过","","../rendered_articles/问题098_为什么ADHD的现金流要从外部反馈开始而不是从完美产品开始_先让世界回你一句话再谈规模化.html"
"099","为什么青年律师最需要的不是自律，而是一个外部前额叶？你缺的不是努力，是案件、任务和情绪同时排队的调度系统","890","第一，你最痛苦的常常不是写不出，而是不知道先写哪个、写到什么程度、交付标准是什么。 | 第二，很多低年级律师不是不会检索，而是不会把检索结果变成判断和行动。 | 04 所以青年律师最需要的不是一张更狠的自律表，而是外部前额叶。","痛点：第一，你最痛苦的常常不是写不出，而是不知道先写哪个、写到什么程度、交付标准是什么。；需求：因为真正消耗你的，不只是做事，而是持续判断：哪个更急，哪个更重要，哪个有风险，哪个要先回，哪个可以晚点。；待办：写下：；今日唯一案件动作：___；对应风险：___","6","通过","","../rendered_articles/问题099_为什么青年律师最需要的不是自律而是一个外部前额叶_你缺的不是努力是案件任务和情绪同时排队的调度系统.html"
"100","为什么法学生写不出论文，不是因为懒，而是启动系统坏了？你缺的不是资料，是从巨大题目进入第一段的坡道","822","最后你的脑子里不是没有观点，而是观点太吵。 | 第二，你卡住的不是全文，而是第一段、第一节、第一句。 | 格式： 我研究的不是___，而是___。","痛点：法学生最容易掉进“资料型拖延”。；需求：你需要的不是更多资料，而是一条从巨大题目通向第一段文字的坡道。；待办：我研究的不是___，而是___。；这个问题之所以重要，是因为___。；第一个可以打开它的案例/现象是___。","6","通过","","../rendered_articles/问题100_为什么法学生写不出论文不是因为懒而是启动系统坏了_你缺的不是资料是从巨大题目进入第一段的坡道.html"
"101","为什么实习律师最容易死在“我先整理一下资料”？你不是在准备，是把启动伪装成秩序","898","但法律工作真正值钱的部分不是资料摆放，而是判断。 | 第二，很多时候合伙人真正要的不是你“看完所有资料”，而是你先提出一个可讨论的初步判断。 | 法律工作的第一步不是把世界摆整齐，而是带着一个问题，把混乱材料切开。","痛点：实习律师为什么最容易掉进这个坑？；需求：第二，很多时候合伙人真正要的不是你“看完所有资料”，而是你先提出一个可讨论的初步判断。；待办：我要回答的问题：___；初步猜测的答案：___；我只找能推翻或支持这个猜测的资料：___","6","通过","","../rendered_articles/问题101_为什么实习律师最容易死在我先整理一下资料_你不是在准备是把启动伪装成秩序.html"
"102","为什么律师的微信已读不回，本质是决策瘫痪？你不是冷漠，是每条消息都携带隐形法律后果","891","最后你不是在处理消息，而是在处理“我怎么又没回”的自我攻击。 | 第一，你最容易已读不回的，往往不是垃圾消息，而是重要消息。 | 说明问题不是不愿意，而是回复结构没生成。","痛点：第一，你最容易已读不回的，往往不是垃圾消息，而是重要消息。；需求：说明问题不是不愿意，而是回复结构没生成。；待办：收到但未判断：___；需要补资料：___；只能初步判断：___","6","通过","","../rendered_articles/问题102_为什么律师的微信已读不回本质是决策瘫痪_你不是冷漠是每条消息都携带隐形法律后果.html"
"103","为什么法律人最该训练的不是专注力，而是切换力？你的一天不是深度工作，而是高频上下文迁移","842","很多法律人的崩溃，不是因为单件事太难，而是因为切换没有存档。 | 第一，你被打断后最难的不是回到电脑前，而是回到刚才的判断现场。 | 法律人不是不需要专注，而是不能只迷信专注。","痛点：很多法律人的崩溃，不是因为单件事太难，而是因为切换没有存档。；需求：第一，你被打断后最难的不是回到电脑前，而是回到刚才的判断现场。；待办：任务 A 回来先做：___；任务 B 回来先做：___；任务 C 回来先做：___","6","通过","","../rendered_articles/问题103_为什么法律人最该训练的不是专注力而是切换力_你的一天不是深度工作而是高频上下文迁移.html"
"104","为什么青年律师的焦虑，其实是大脑在做风险尽调？你不是想太多，是没有把风险从情绪翻译成清单","1046","青年律师真正要训练的，不是消灭焦虑，而是把焦虑从雾翻译成表。 | 第一，你焦虑的地方往往不是随机的，而是集中在责任、期限、证据、结论和沟通边界上。 | 不是因为风险没了，而是风险变得可处理。","痛点：它不像清单一样说“请核查第 3 条”，它会说“完了，你是不是要出事”。；需求：青年律师真正要训练的，不是消灭焦虑，而是把焦虑从雾翻译成表。；待办：事实风险：___；法律风险：___；程序风险：___","6","通过","","../rendered_articles/问题104_为什么青年律师的焦虑其实是大脑在做风险尽调_你不是想太多是没有把风险从情绪翻译成清单.html"
"105","为什么法律人的知识管理越做越复杂，反而越不产出？你不是缺库，是把搭系统误认为办案和写作","858","但半年后你可能发现：库很大，文章没写几篇；标签很多，真正办案时还是重新搜；模板齐全，交付仍然卡住。 | 可真正的专业能力，不在库里，而在调用库解决问题的速度和质量里。 | 第一，你收藏过很多资料，但真正用时仍然找不到。","痛点：但半年后你可能发现：库很大，文章没写几篇；标签很多，真正办案时还是重新搜；模板齐全，交付仍然卡住。；需求：真正稀缺的是从资料到判断、从判断到文本、从文本到交付的链路。；待办：选一个真实问题，限时 20 分钟，用现有系统产出一段判断或一份清单。；如果找不到、用不上、写不出，就不要继续加标签。先修调用路径。；法律人不缺资料。互联网时代，资料多到窒息。真正稀缺的...","6","通过","","../rendered_articles/问题105_为什么法律人的知识管理越做越复杂反而越不产出_你不是缺库是把搭系统误认为办案和写作.html"
"106","为什么AI Agent是青年律师从助理到主理人的认知外骨骼？它不是替你做律师，而是放大你的判断半径","893","02 Agent 对青年律师最有价值的不是生成答案，而是生成工作台。 | 第一，青年律师最耗时的常常不是最终写作，而是从混乱信息里建立结构。 | 青年律师真正的成长，不是永远当一个更快的执行者，而是逐渐拥有定义问题和组织交付的能力。","痛点：青年律师最难的跃迁，不是从不会干到会干。；需求：Agent 对青年律师最有价值的不是生成答案，而是生成工作台。；待办：让它输出：；关键问题。；交付格式。","6","通过","","../rendered_articles/问题106_为什么AI_Agent是青年律师从助理到主理人的认知外骨骼_它不是替你做律师而是放大你的判断半径.html"
"107","为什么法学生需要“今日唯一动作”，而不是一张完美学习计划？你不是不想学，是被整个人生计划压到无法翻页","1013","不是因为你不想学，而是因为这张计划在启动瞬间，把整个人生都压到了今天。 | 你不是被任务打倒，而是被任务总量打倒。 | 法学生最需要的不是更大计划，而是今日唯一动作。","痛点：对 ADHD、高压法学生或长期焦虑型学习者来说，这可能叫窒息。；需求：说明你缺的不是愿望，而是可进入的动作。；待办：今日唯一动作：___；完成证据：___；最晚完成时间：___","6","通过","","../rendered_articles/问题107_为什么法学生需要今日唯一动作而不是一张完美学习计划_你不是不想学是被整个人生计划压到无法翻页.html"
"108","为什么律师成长最危险的不是不会学，而是不会卸载？你不是知识不够，是旧任务、旧身份、旧焦虑占满了系统","1041","很多律师不是知识不够，而是没有给新知识留出可调用空间。 | 你不是没有新方向，而是旧身份没有下线。 | 不是因为你突然变强，而是系统终于释放了带宽。","痛点：你明明已经不想只做传统法律内容，却还被旧粉丝、旧路径、旧安全感拉住。；需求：很多律师不是知识不够，而是没有给新知识留出可调用空间。；待办：写下三类：；我不再维护的知识库：___；我不再追逐的评价标准：___","6","通过","","../rendered_articles/问题108_为什么律师成长最危险的不是不会学而是不会卸载_你不是知识不够是旧任务旧身份旧焦虑占满了系统.html"
"109","为什么 ADHD x AI 博主最稀缺的位置不是老师而是制图者？你的价值不是教人用工具，而是画出地形","1228","因为真正的问题不是没有工具，而是不知道在自己的症状、能量、任务和人生阶段里，哪条路能走。 | 所以 ADHD x AI 博主最稀缺的位置，不是老师，而是制图者。 | 这五个问题一出现，你就不是在写教程，而是在给读者导航。","痛点：生活场景证据：一个 ADHD 用户打开工具清单，看到一百个 AI 应用，只会更焦虑。；需求：公众号版核心标题：ADHD x AI 博主最稀缺的位置不是老师，而是制图者 小红书版钩子：别再收藏 AI 工具清单了，你需要...；待办：每个选题写作前先填四行：；- 公众号版核心标题：ADHD x AI 博主最稀缺的位置不是老师，而是制图者；- 小红书版钩子：别再收藏 AI 工具清单了，你需要的是一张 ADHD 地图。","7","通过","","../rendered_articles/问题109_为什么ADHDxAI博主最稀缺的位置不是老师而是制图者_你的价值不是教人用工具而是画出地形.html"
"110","为什么 AI 内容越同质化，ADHD 创作者越应该保留不完美？真实痕迹是算法时代的信任资产","1299","你有没有发现，真正让人疲惫的不是没有方法，而是每一种方法都像在要求你先变成另一个人。 | 因为它背后不是抽象观点，而是一个真实痛点：AI内容越顺滑越像流水线，读者看完没有信任感。 | 这不是把问题说得更漂亮，而是把它放到能执行的位置上。","痛点：你有没有发现，真正让人疲惫的不是没有方法，而是每一种方法都像在要求你先变成另一个人。；需求：真实痕迹是算法时代的信任资产 小红书版钩子：AI内容越顺滑越像流水线，读者看完没有信任感 知乎回答问题：为什么 同质化AI内...；待办：格式很简单：；- 当前痛点：；- 掉线接口：","7","通过","","../rendered_articles/问题110_为什么AI内容越同质化ADHD创作者越应该保留不完美真实痕迹是算法时代的信任资产.html"
"111","为什么 ADHD 做内容不该追热点，而要做危险区域标注员？别人封神时你负责标雷","1129","ADHD 用户最怕的不是工具不好，而是工具太会制造希望。 | 个人观察：很多 AI 内容的问题，不是骗人，而是只讲高能量状态下的成功截图。 | 公众号版核心标题：ADHD 做内容不该追热点，而要做危险区域标注员 小红书版钩子：这个 AI 工具很好，但可能不适合 ADHD。","痛点：格式： 最适合的人： 最容易反噬的人： 最大认知负担： 低电量是否可用： 替代手动入口： 这张卡片会比普通教程更有价值。；需求：ADHD 用户最怕的不是工具不好，而是工具太会制造希望。；待办：- 最适合的人：；- 最容易反噬的人：；- 最大认知负担：","6","通过","","../rendered_articles/问题111_为什么ADHD做内容不该追热点而要做危险区域标注员_别人封神时你负责标雷.html"
"112","为什么双A博主的护城河不是粉丝数，而是工具实测数据库？你的每次失败都是地图坐标","1281","你有没有发现，真正让人疲惫的不是没有方法，而是每一种方法都像在要求你先变成另一个人。 | 因为它背后不是抽象观点，而是一个真实痛点：粉丝数容易波动，工具教程容易被复制。 | 这不是把问题说得更漂亮，而是把它放到能执行的位置上。","痛点：你有没有发现，真正让人疲惫的不是没有方法，而是每一种方法都像在要求你先变成另一个人。；需求：你的每次失败都是地图坐标 小红书版钩子：粉丝数容易波动，工具教程容易被复制 知乎回答问题：为什么 工具实测数据库 对 ADH...；待办：格式很简单：；- 当前痛点：；- 掉线接口：","7","通过","","../rendered_articles/问题112_为什么双A博主的护城河不是粉丝数而是工具实测数据库你的每次失败都是地图坐标.html"
"113","为什么外包日记比 AI 教程更适合 ADHD 个人品牌？用户想看你怎么把脑子接上系统","1274","你有没有发现，真正让人疲惫的不是没有方法，而是每一种方法都像在要求你先变成另一个人。 | 因为它背后不是抽象观点，而是一个真实痛点：教程太通用，读者不知道真实痛苦如何接入AI。 | 这不是把问题说得更漂亮，而是把它放到能执行的位置上。","痛点：你有没有发现，真正让人疲惫的不是没有方法，而是每一种方法都像在要求你先变成另一个人。；需求：用户想看你怎么把脑子接上系统 小红书版钩子：教程太通用，读者不知道真实痛苦如何接入AI 知乎回答问题：为什么 外包日记 对 ...；待办：格式很简单：；- 当前痛点：；- 掉线接口：","7","通过","","../rendered_articles/问题113_为什么外包日记比AI教程更适合ADHD个人品牌用户想看你怎么把脑子接上系统.html"
"114","为什么 ADHD 创作者要从说的人升级成绘图的人？情绪共鸣不够，还要给路","1275","你有没有发现，真正让人疲惫的不是没有方法，而是每一种方法都像在要求你先变成另一个人。 | 因为它背后不是抽象观点，而是一个真实痛点：共鸣内容让人点头，但爽完以后仍然不知道怎么走。 | 这不是把问题说得更漂亮，而是把它放到能执行的位置上。","痛点：你有没有发现，真正让人疲惫的不是没有方法，而是每一种方法都像在要求你先变成另一个人。；需求：情绪共鸣不够，还要给路 小红书版钩子：共鸣内容让人点头，但爽完以后仍然不知道怎么走 知乎回答问题：为什么 路径图表达 对 A...；待办：格式很简单：；- 当前痛点：；- 掉线接口：","7","通过","","../rendered_articles/问题114_为什么ADHD创作者要从说的人升级成绘图的人情绪共鸣不够还要给路.html"
"115","为什么 C 级小博主才是 AI 生态的基因多样性库？大号被算法驯化，小号还会变异","1260","你有没有发现，真正让人疲惫的不是没有方法，而是每一种方法都像在要求你先变成另一个人。 | 因为它背后不是抽象观点，而是一个真实痛点：大号内容越来越像同一种安全答案。 | 这不是把问题说得更漂亮，而是把它放到能执行的位置上。","痛点：你有没有发现，真正让人疲惫的不是没有方法，而是每一种方法都像在要求你先变成另一个人。；需求：大号被算法驯化，小号还会变异 小红书版钩子：大号内容越来越像同一种安全答案 知乎回答问题：为什么 小号信源观察 对 ADHD...；待办：格式很简单：；- 当前痛点：；- 掉线接口：","7","通过","","../rendered_articles/问题115_为什么C级小博主才是AI生态的基因多样性库大号被算法驯化小号还会变异.html"
"116","为什么纳米博主是 ADHD x AI 最好的冷启动阶段？1到5万粉不是过渡，而是信任黄金区","1281","你有没有发现，真正让人疲惫的不是没有方法，而是每一种方法都像在要求你先变成另一个人。 | 因为它背后不是抽象观点，而是一个真实痛点：创作者急着冲粉，反而过早把内容写变形。 | 这不是把问题说得更漂亮，而是把它放到能执行的位置上。","痛点：你有没有发现，真正让人疲惫的不是没有方法，而是每一种方法都像在要求你先变成另一个人。；需求：1到5万粉不是过渡，而是信任黄金区 小红书版钩子：创作者急着冲粉，反而过早把内容写变形 知乎回答问题：为什么 纳米博主信任区...；待办：格式很简单：；- 当前痛点：；- 掉线接口：","7","通过","","../rendered_articles/问题116_为什么纳米博主是ADHDxAI最好的冷启动阶段1到5万粉不是过渡而是信任黄金区.html"
"117","为什么 ADHD 内容创业的第一资产不是人设，而是读者坐标系？你要知道他们困在哪个地图格","1280","你有没有发现，真正让人疲惫的不是没有方法，而是每一种方法都像在要求你先变成另一个人。 | 因为它背后不是抽象观点，而是一个真实痛点：人设越做越焦虑，但读者真实困境仍然模糊。 | 这不是把问题说得更漂亮，而是把它放到能执行的位置上。","痛点：你有没有发现，真正让人疲惫的不是没有方法，而是每一种方法都像在要求你先变成另一个人。；需求：你要知道他们困在哪个地图格 小红书版钩子：人设越做越焦虑，但读者真实困境仍然模糊 知乎回答问题：为什么 读者坐标系 对 AD...；待办：格式很简单：；- 当前痛点：；- 掉线接口：","7","通过","","../rendered_articles/问题117_为什么ADHD内容创业的第一资产不是人设而是读者坐标系你要知道他们困在哪个地图格.html"
"118","为什么你的旧法律粉丝不是包袱，而是第一批高压执行功能用户？他们只是还没用 ADHD 命名自己的崩溃","1280","你有没有发现，真正让人疲惫的不是没有方法，而是每一种方法都像在要求你先变成另一个人。 | 因为它背后不是抽象观点，而是一个真实痛点：担心转型会丢掉过去积累。 | 这不是把问题说得更漂亮，而是把它放到能执行的位置上。","痛点：你有没有发现，真正让人疲惫的不是没有方法，而是每一种方法都像在要求你先变成另一个人。；需求：他们只是还没用 ADHD 命名自己的崩溃 小红书版钩子：担心转型会丢掉过去积累 知乎回答问题：为什么 旧粉高压执行功能 对 ...；待办：格式很简单：；- 当前痛点：；- 掉线接口：","7","通过","","../rendered_articles/问题118_为什么你的旧法律粉丝不是包袱而是第一批高压执行功能用户他们只是还没用ADHD命名自己的崩溃.html"
"119","为什么 AI 自媒体的不眠之夜越来越像情绪预制菜？你以为看到新闻，其实吃到的是统一调料","1274","你有没有发现，真正让人疲惫的不是没有方法，而是每一种方法都像在要求你先变成另一个人。 | 因为它背后不是抽象观点，而是一个真实痛点：热点标题刺激强，信息密度却越来越低。 | 这不是把问题说得更漂亮，而是把它放到能执行的位置上。","痛点：你有没有发现，真正让人疲惫的不是没有方法，而是每一种方法都像在要求你先变成另一个人。；需求：你以为看到新闻，其实吃到的是统一调料 小红书版钩子：热点标题刺激强，信息密度却越来越低 知乎回答问题：为什么 情绪预制菜 对...；待办：格式很简单：；- 当前痛点：；- 掉线接口：","7","通过","","../rendered_articles/问题119_为什么AI自媒体的不眠之夜越来越像情绪预制菜你以为看到新闻其实吃到的是统一调料.html"
"120","为什么 AI 热点发生 14 天后，全网会变成同一篇文章？同质化不是慢慢发生，而是瞬间收敛","1286","你有没有发现，真正让人疲惫的不是没有方法，而是每一种方法都像在要求你先变成另一个人。 | 因为它背后不是抽象观点，而是一个真实痛点：创作者追热点追到最后只是在复述同一篇文章。 | 这不是把问题说得更漂亮，而是把它放到能执行的位置上。","痛点：你有没有发现，真正让人疲惫的不是没有方法，而是每一种方法都像在要求你先变成另一个人。；需求：同质化不是慢慢发生，而是瞬间收敛 小红书版钩子：创作者追热点追到最后只是在复述同一篇文章 知乎回答问题：为什么 热点收敛周期...；待办：格式很简单：；- 当前痛点：；- 掉线接口：","7","通过","","../rendered_articles/问题120_为什么AI热点发生14天后全网会变成同一篇文章同质化不是慢慢发生而是瞬间收敛.html"
"121","为什么你越复制爆款公式，越会被算法识别成廉价内容？爆款模板正在变成集体降权信号","1266","你有没有发现，真正让人疲惫的不是没有方法，而是每一种方法都像在要求你先变成另一个人。 | 因为它背后不是抽象观点，而是一个真实痛点：照抄标题公式短期省力，长期损害辨识度。 | 这不是把问题说得更漂亮，而是把它放到能执行的位置上。","痛点：你有没有发现，真正让人疲惫的不是没有方法，而是每一种方法都像在要求你先变成另一个人。；需求：爆款模板正在变成集体降权信号 小红书版钩子：照抄标题公式短期省力，长期损害辨识度 知乎回答问题：为什么 反爆款模板 对 AD...；待办：格式很简单：；- 当前痛点：；- 掉线接口：","7","通过","","../rendered_articles/问题121_为什么你越复制爆款公式越会被算法识别成廉价内容爆款模板正在变成集体降权信号.html"
"122","为什么 Agent 是 AI 内容里的暗线之王？参数竞赛热闹，但最后一公里才赚钱","1056","你缺的往往不是一次回答，而是连续推进。 | Agent 的价值不是更会夸你，而是能把“我想做”接成“它已经在本地留下文件”。 | 真正值得写的不是“新模型有多强”，而是： 它能不能做内容回流？","痛点：个人观察：ADHD 最容易在建议和执行之间断线。；需求：这四层合起来，才是 AI 从聊天玩具变成生产系统的关键。；待办：每个场景只写五项：；- 触发条件：；- 输入材料：","6","通过","","../rendered_articles/问题122_为什么Agent是AI内容里的暗线之王_参数竞赛热闹但最后一公里才赚钱.html"
"123","为什么 L2.5 博主比情绪标题党更值钱？比原发源更易懂，比媒体更快","1260","你有没有发现，真正让人疲惫的不是没有方法，而是每一种方法都像在要求你先变成另一个人。 | 因为它背后不是抽象观点，而是一个真实痛点：普通读者看不懂原始论文，也厌倦二手标题党。 | 这不是把问题说得更漂亮，而是把它放到能执行的位置上。","痛点：你有没有发现，真正让人疲惫的不是没有方法，而是每一种方法都像在要求你先变成另一个人。；需求：比原发源更易懂，比媒体更快 小红书版钩子：普通读者看不懂原始论文，也厌倦二手标题党 知乎回答问题：为什么 L2.5解释层 对...；待办：格式很简单：；- 当前痛点：；- 掉线接口：","7","通过","","../rendered_articles/问题123_为什么L2_5博主比情绪标题党更值钱比原发源更易懂比媒体更快.html"
"124","为什么公众号正在短视频化，而小红书正在搜索引擎化？平台不是渠道，是不同的大脑","1267","你有没有发现，真正让人疲惫的不是没有方法，而是每一种方法都像在要求你先变成另一个人。 | 因为它背后不是抽象观点，而是一个真实痛点：同一内容复制到不同平台表现很差。 | 这不是把问题说得更漂亮，而是把它放到能执行的位置上。","痛点：你有没有发现，真正让人疲惫的不是没有方法，而是每一种方法都像在要求你先变成另一个人。；需求：平台不是渠道，是不同的大脑 小红书版钩子：同一内容复制到不同平台表现很差 知乎回答问题：为什么 平台大脑差异 对 ADHD ...；待办：格式很简单：；- 当前痛点：；- 掉线接口：","7","通过","","../rendered_articles/问题124_为什么公众号正在短视频化而小红书正在搜索引擎化平台不是渠道是不同的大脑.html"
"125","为什么跨平台一鱼多吃会变成算法自杀？不是分发越多越好，而是原生度越高越好","1260","你有没有发现，真正让人疲惫的不是没有方法，而是每一种方法都像在要求你先变成另一个人。 | 因为它背后不是抽象观点，而是一个真实痛点：复制粘贴多平台导致推荐差、互动弱。 | 这不是把问题说得更漂亮，而是把它放到能执行的位置上。","痛点：你有没有发现，真正让人疲惫的不是没有方法，而是每一种方法都像在要求你先变成另一个人。；需求：不是分发越多越好，而是原生度越高越好 小红书版钩子：复制粘贴多平台导致推荐差、互动弱 知乎回答问题：为什么 跨平台原生度 对...；待办：格式很简单：；- 当前痛点：；- 掉线接口：","7","通过","","../rendered_articles/问题125_为什么跨平台一鱼多吃会变成算法自杀不是分发越多越好而是原生度越高越好.html"
"126","为什么 AI 内容需要内容对冲机制？热点越热，越要留20%冷内容","1241","你有没有发现，真正让人疲惫的不是没有方法，而是每一种方法都像在要求你先变成另一个人。 | 因为它背后不是抽象观点，而是一个真实痛点：创作者被热点牵着跑，资产沉淀越来越少。 | 这不是把问题说得更漂亮，而是把它放到能执行的位置上。","痛点：你有没有发现，真正让人疲惫的不是没有方法，而是每一种方法都像在要求你先变成另一个人。；需求：公众号版核心标题：为什么 AI 内容需要内容对冲机制？；待办：格式很简单：；- 当前痛点：；- 掉线接口：","7","通过","","../rendered_articles/问题126_为什么AI内容需要内容对冲机制热点越热越要留20_冷内容.html"
"127","为什么邀请码经济学能让 AI 产品自己长腿？稀缺不是访问限制，而是社交货币","1270","你有没有发现，真正让人疲惫的不是没有方法，而是每一种方法都像在要求你先变成另一个人。 | 因为它背后不是抽象观点，而是一个真实痛点：用户被FOMO牵动，却不理解传播机制。 | 这不是把问题说得更漂亮，而是把它放到能执行的位置上。","痛点：你有没有发现，真正让人疲惫的不是没有方法，而是每一种方法都像在要求你先变成另一个人。；需求：稀缺不是访问限制，而是社交货币 小红书版钩子：用户被FOMO牵动，却不理解传播机制 知乎回答问题：为什么 邀请码经济学 对 ...；待办：格式很简单：；- 当前痛点：；- 掉线接口：","7","通过","","../rendered_articles/问题127_为什么邀请码经济学能让AI产品自己长腿稀缺不是访问限制而是社交货币.html"
"128","为什么春节、长假和凌晨才是 AI 传播真正的隐藏按钮？注意力不是均匀分布的","1263","你有没有发现，真正让人疲惫的不是没有方法，而是每一种方法都像在要求你先变成另一个人。 | 因为它背后不是抽象观点，而是一个真实痛点：创作者只盯黄金时间，忽视注意力真空窗口。 | 这不是把问题说得更漂亮，而是把它放到能执行的位置上。","痛点：你有没有发现，真正让人疲惫的不是没有方法，而是每一种方法都像在要求你先变成另一个人。；需求：注意力不是均匀分布的 小红书版钩子：创作者只盯黄金时间，忽视注意力真空窗口 知乎回答问题：为什么 注意力真空 对 ADHD ...；待办：格式很简单：；- 当前痛点：；- 掉线接口：","7","通过","","../rendered_articles/问题128_为什么春节长假和凌晨才是AI传播真正的隐藏按钮注意力不是均匀分布的.html"
"129","为什么 ADHD 不是超能力也不是缺陷，而是尖峰轮廓？环境决定它像外挂还是伤口","1094","一句话打穿：ADHD 的关键不是强弱，而是能力分布极不平。 | 如果你看尖峰轮廓，会发现他不是没有能力，而是能力高度偏科。 | 所以 ADHD 最需要的不是被神化，也不是被羞辱，而是环境匹配和外部系统。","痛点：个人观察：很多高能力 ADHD 最痛苦的地方，是别人只看见他的尖峰，于是无法理解他的低谷。；需求：一种说它是病，是缺陷，是麻烦，是需要被矫正的系统错误。；待办：左栏写“我异常强的场景”，右栏写“我反复掉线的场景”。；然后每个掉线场景后面写一个外部系统：Agent、模板、提醒、同伴、降级入口、done list、物理便签。；你不需要把自己磨成平...","6","通过","","../rendered_articles/问题129_为什么ADHD不是超能力也不是缺陷而是尖峰轮廓_环境决定它像外挂还是伤口.html"
"130","为什么 ADHD 的超聚焦需要日志，而不是崇拜？你要记录它的入口、代价和坠落时间","1263","你有没有发现，真正让人疲惫的不是没有方法，而是每一种方法都像在要求你先变成另一个人。 | 因为它背后不是抽象观点，而是一个真实痛点：把超聚焦当超能力，结果反复透支后坠落。 | 这不是把问题说得更漂亮，而是把它放到能执行的位置上。","痛点：你有没有发现，真正让人疲惫的不是没有方法，而是每一种方法都像在要求你先变成另一个人。；需求：你要记录它的入口、代价和坠落时间 小红书版钩子：把超聚焦当超能力，结果反复透支后坠落 知乎回答问题：为什么 超聚焦日志 对 ...；待办：格式很简单：；- 当前痛点：；- 掉线接口：","7","通过","","../rendered_articles/问题130_为什么ADHD的超聚焦需要日志而不是崇拜你要记录它的入口代价和坠落时间.html"
"131","为什么正常人的时间管理会伤害 ADHD？它假设你有稳定的内置时钟","1254","你有没有发现，真正让人疲惫的不是没有方法，而是每一种方法都像在要求你先变成另一个人。 | 因为它背后不是抽象观点，而是一个真实痛点：番茄钟和计划表反复失败后变成自责证据。 | 这不是把问题说得更漂亮，而是把它放到能执行的位置上。","痛点：你有没有发现，真正让人疲惫的不是没有方法，而是每一种方法都像在要求你先变成另一个人。；需求：它假设你有稳定的内置时钟 小红书版钩子：番茄钟和计划表反复失败后变成自责证据 知乎回答问题：为什么 外部时钟 对 ADHD ...；待办：格式很简单：；- 当前痛点：；- 掉线接口：","7","通过","","../rendered_articles/问题131_为什么正常人的时间管理会伤害ADHD它假设你有稳定的内置时钟.html"
"132","为什么 ADHD 真正需要的是兴趣驱动操作系统？不是任务重要就能启动，而是信号够亮才会启动","1294","你有没有发现，真正让人疲惫的不是没有方法，而是每一种方法都像在要求你先变成另一个人。 | 因为它背后不是抽象观点，而是一个真实痛点：重要任务反而启动不了，低价值新鲜事却停不下来。 | 这不是把问题说得更漂亮，而是把它放到能执行的位置上。","痛点：你有没有发现，真正让人疲惫的不是没有方法，而是每一种方法都像在要求你先变成另一个人。；需求：公众号版核心标题：为什么 ADHD 真正需要的是兴趣驱动操作系统？；待办：格式很简单：；- 当前痛点：；- 掉线接口：","7","通过","","../rendered_articles/问题132_为什么ADHD真正需要的是兴趣驱动操作系统不是任务重要就能启动而是信号够亮才会启动.html"
"133","为什么 ADHD 的晚睡需要关机 SOP，而不是自责？你不是不睡，是系统没有收到降噪信号","1279","你有没有发现，真正让人疲惫的不是没有方法，而是每一种方法都像在要求你先变成另一个人。 | 因为它背后不是抽象观点，而是一个真实痛点：晚睡被道德化成懒，越自责越睡不着。 | 这不是把问题说得更漂亮，而是把它放到能执行的位置上。","痛点：你有没有发现，真正让人疲惫的不是没有方法，而是每一种方法都像在要求你先变成另一个人。；需求：你不是不睡，是系统没有收到降噪信号 小红书版钩子：晚睡被道德化成懒，越自责越睡不着 知乎回答问题：为什么 晚间关机SOP 对...；待办：格式很简单：；- 当前痛点：；- 掉线接口：","7","通过","","../rendered_articles/问题133_为什么ADHD的晚睡需要关机SOP而不是自责你不是不睡是系统没有收到降噪信号.html"
"134","为什么 ADHD 女性最容易把症状误认为性格缺陷？她们不是没症状，是太会遮住症状","1271","你有没有发现，真正让人疲惫的不是没有方法，而是每一种方法都像在要求你先变成另一个人。 | 因为它背后不是抽象观点，而是一个真实痛点：女性长期把分心、情绪和疲惫解释成性格差。 | 这不是把问题说得更漂亮，而是把它放到能执行的位置上。","痛点：你有没有发现，真正让人疲惫的不是没有方法，而是每一种方法都像在要求你先变成另一个人。；需求：她们不是没症状，是太会遮住症状 小红书版钩子：女性长期把分心、情绪和疲惫解释成性格差 知乎回答问题：为什么 女性ADHD识别...；待办：格式很简单：；- 当前痛点：；- 掉线接口：","7","通过","","../rendered_articles/问题134_为什么ADHD女性最容易把症状误认为性格缺陷她们不是没症状是太会遮住症状.html"
"135","为什么 ADHD 完成一件事只爽几秒？因为你的大脑没有成就结算系统","1572","可 ADHD 真正缺的，往往不是更多待办，而是一个能把“已完成”登记成现实证据的结算系统。 | 所以成就盲视不是“你不懂感恩”，而是你的内部仪表盘没有显示已完成资产。 | 生活场景证据很直接：你可能花三小时把一个难题解决了，但休息时脑子里不是“我完成了”，而是“我怎么现在才做完”。","痛点：外人看你明明做了不少，你自己却真诚地觉得：我是不是又浪费了一天。；需求：对 ADHD 来说，完成感不是自然流出的泉水，而是一套需要外置的账务系统。；待办：每天结束前，只写三行：；注意，不要写十条，不要搞复杂复盘，不要变成新的打卡羞耻。只写三行。；如果你愿意接 AI，就让 Agent 每晚帮你做一件事：把聊天、文件、提交、草稿、反馈里出现...","7","通过","","../rendered_articles/问题135_为什么ADHD完成一件事只爽几秒_因为你的大脑没有成就结算系统.html"
"136","为什么 AI body double 可能是 ADHD 的下一代陪跑者？你缺的不是监督，是一个不评判的同在","1273","你有没有发现，真正让人疲惫的不是没有方法，而是每一种方法都像在要求你先变成另一个人。 | 因为它背后不是抽象观点，而是一个真实痛点：独自启动困难，真人监督又容易羞耻。 | 这不是把问题说得更漂亮，而是把它放到能执行的位置上。","痛点：你有没有发现，真正让人疲惫的不是没有方法，而是每一种方法都像在要求你先变成另一个人。；需求：你缺的不是监督，是一个不评判的同在 小红书版钩子：独自启动困难，真人监督又容易羞耻 知乎回答问题：为什么 AI陪跑 对 AD...；待办：格式很简单：；- 当前痛点：；- 掉线接口：","7","通过","","../rendered_articles/问题136_为什么AIbodydouble可能是ADHD的下一代陪跑者你缺的不是监督是一个不评判的同在.html"
"137","为什么游戏化对 ADHD 有效，但也最容易变成新成瘾？多巴胺按钮不能没有刹车","1260","你有没有发现，真正让人疲惫的不是没有方法，而是每一种方法都像在要求你先变成另一个人。 | 因为它背后不是抽象观点，而是一个真实痛点：游戏化短期有效，长期可能变成新沉迷。 | 这不是把问题说得更漂亮，而是把它放到能执行的位置上。","痛点：你有没有发现，真正让人疲惫的不是没有方法，而是每一种方法都像在要求你先变成另一个人。；需求：多巴胺按钮不能没有刹车 小红书版钩子：游戏化短期有效，长期可能变成新沉迷 知乎回答问题：为什么 游戏化刹车 对 ADHD x...；待办：格式很简单：；- 当前痛点：；- 掉线接口：","7","通过","","../rendered_articles/问题137_为什么游戏化对ADHD有效但也最容易变成新成瘾多巴胺按钮不能没有刹车.html"
"138","为什么 ADHD 的创意优势必须被环境解锁，而不是被鸡血激活？错误环境会把天赋磨成症状","1274","你有没有发现，真正让人疲惫的不是没有方法，而是每一种方法都像在要求你先变成另一个人。 | 因为它背后不是抽象观点，而是一个真实痛点：被你很有潜力绑架，却长期无法稳定产出。 | 这不是把问题说得更漂亮，而是把它放到能执行的位置上。","痛点：你有没有发现，真正让人疲惫的不是没有方法，而是每一种方法都像在要求你先变成另一个人。；需求：错误环境会把天赋磨成症状 小红书版钩子：被你很有潜力绑架，却长期无法稳定产出 知乎回答问题：为什么 环境匹配 对 ADHD ...；待办：格式很简单：；- 当前痛点：；- 掉线接口：","7","通过","","../rendered_articles/问题138_为什么ADHD的创意优势必须被环境解锁而不是被鸡血激活错误环境会把天赋磨成症状.html"
"139","为什么药物只能打开门，而不能替你走完工作流？专注力回来后，系统仍然要有人搭","1277","你有没有发现，真正让人疲惫的不是没有方法，而是每一种方法都像在要求你先变成另一个人。 | 因为它背后不是抽象观点，而是一个真实痛点：期待药物解决全部人生问题，结果窗口期被浪费。 | 这不是把问题说得更漂亮，而是把它放到能执行的位置上。","痛点：你有没有发现，真正让人疲惫的不是没有方法，而是每一种方法都像在要求你先变成另一个人。；需求：专注力回来后，系统仍然要有人搭 小红书版钩子：期待药物解决全部人生问题，结果窗口期被浪费 知乎回答问题：为什么 药效窗口工作...；待办：格式很简单：；- 当前痛点：；- 掉线接口：","7","通过","","../rendered_articles/问题139_为什么药物只能打开门而不能替你走完工作流专注力回来后系统仍然要有人搭.html"
"140","为什么 ADHD 的冲动不是敌人，而是需要刹车系统的发动机？能量不该被骂死，应该被接线","1251","你有没有发现，真正让人疲惫的不是没有方法，而是每一种方法都像在要求你先变成另一个人。 | 因为它背后不是抽象观点，而是一个真实痛点：冲动带来开坑、消费、辞职和后悔。 | 这不是把问题说得更漂亮，而是把它放到能执行的位置上。","痛点：你有没有发现，真正让人疲惫的不是没有方法，而是每一种方法都像在要求你先变成另一个人。；需求：公众号版核心标题：为什么 ADHD 的冲动不是敌人，而是需要刹车系统的发动机？；待办：格式很简单：；- 当前痛点：；- 掉线接口：","7","通过","","../rendered_articles/问题140_为什么ADHD的冲动不是敌人而是需要刹车系统的发动机能量不该被骂死应该被接线.html"
"141","为什么 AI 不是 ADHD 的效率工具，而是认知外包操作系统？这不是提效，是重建大脑架构","1242","真正改变命运的不是“AI 让我快一点”，而是“AI 接管了我大脑里最容易掉线的那些功能”。 | 一句话打穿：ADHD 用 AI 的核心，不是把事情做快，而是把不稳定的认知功能外置。 | 可 ADHD 的难点往往不是速度，而是接口。","痛点：真正改变命运的不是“AI 让我快一点”，而是“AI 接管了我大脑里最容易掉线的那些功能”。；需求：一句话打穿：ADHD 用 AI 的核心，不是把事情做快，而是把不稳定的认知功能外置。；待办：只写五行：；- 我最容易卡住的认知功能是：；- 这个功能卡住时的典型场景是：","7","通过","","../rendered_articles/问题141_为什么AI不是ADHD的效率工具而是认知外包操作系统_这不是提效是重建大脑架构.html"
"142","为什么每找到一个 AI 能替你做的事，你就扩容了一次大脑？外包不是偷懒，是认知增生","1255","你有没有发现，真正让人疲惫的不是没有方法，而是每一种方法都像在要求你先变成另一个人。 | 因为它背后不是抽象观点，而是一个真实痛点：使用AI有羞耻感，觉得自己不够努力。 | 这不是把问题说得更漂亮，而是把它放到能执行的位置上。","痛点：你有没有发现，真正让人疲惫的不是没有方法，而是每一种方法都像在要求你先变成另一个人。；需求：外包不是偷懒，是认知增生 小红书版钩子：使用AI有羞耻感，觉得自己不够努力 知乎回答问题：为什么 外包日记 对 ADHD x...；待办：格式很简单：；- 当前痛点：；- 掉线接口：","7","通过","","../rendered_articles/问题142_为什么每找到一个AI能替你做的事你就扩容了一次大脑外包不是偷懒是认知增生.html"
"143","为什么 ADHD 需要一张认知功能外包矩阵？你不能只问用什么工具，要问替代哪个脑区","1262","个人观察：很多 ADHD 用 AI 失败，不是不会提示词，而是没有定义外包对象。 | ADHD 真正该问的是：它替我补哪一块脑功能？ | 结果真正卡住的是启动和排序，知识库只会让资料更多，焦虑更大。","痛点：列名： 我经常掉线的认知功能 典型痛苦场景 可以交给 AI 的固定动作 先填三行就够： 启动：看到大任务就逃；AI 把它拆成...；需求：第六格，情绪外包：把内疚、灾难化、过度解释翻译成清单和动作。；待办：列名：；先填三行就够：；- 启动：看到大任务就逃；AI 把它拆成 10 分钟动作。","7","通过","","../rendered_articles/问题143_为什么ADHD需要一张认知功能外包矩阵_你不能只问用什么工具要问替代哪个脑区.html"
"144","为什么外部前额叶最怕单点故障？账号没了，系统不能跟着塌","1254","你有没有发现，真正让人疲惫的不是没有方法，而是每一种方法都像在要求你先变成另一个人。 | 因为它背后不是抽象观点，而是一个真实痛点：过度依赖单一平台，一丢账号就认知义肢断裂。 | 这不是把问题说得更漂亮，而是把它放到能执行的位置上。","痛点：你有没有发现，真正让人疲惫的不是没有方法，而是每一种方法都像在要求你先变成另一个人。；需求：账号没了，系统不能跟着塌 小红书版钩子：过度依赖单一平台，一丢账号就认知义肢断裂 知乎回答问题：为什么 单点故障 对 ADH...；待办：格式很简单：；- 当前痛点：；- 掉线接口：","7","通过","","../rendered_articles/问题144_为什么外部前额叶最怕单点故障账号没了系统不能跟着塌.html"
"145","为什么 ADHD 产品的核心不是待办，而是启动坡道？任务清单只告诉你山在哪，不帮你上第一步","1283","你有没有发现，真正让人疲惫的不是没有方法，而是每一种方法都像在要求你先变成另一个人。 | 因为它背后不是抽象观点，而是一个真实痛点：待办越写越焦虑，因为它只显示山，不显示第一步。 | 这不是把问题说得更漂亮，而是把它放到能执行的位置上。","痛点：你有没有发现，真正让人疲惫的不是没有方法，而是每一种方法都像在要求你先变成另一个人。；需求：任务清单只告诉你山在哪，不帮你上第一步 小红书版钩子：待办越写越焦虑，因为它只显示山，不显示第一步 知乎回答问题：为什么 启...；待办：格式很简单：；- 当前痛点：；- 掉线接口：","7","通过","","../rendered_articles/问题145_为什么ADHD产品的核心不是待办而是启动坡道任务清单只告诉你山在哪不帮你上第一步.html"
"146","为什么危险区域标注可以做成 ADHD AI 工具测评的标准栏目？好工具也可能用错人","1269","你有没有发现，真正让人疲惫的不是没有方法，而是每一种方法都像在要求你先变成另一个人。 | 因为它背后不是抽象观点，而是一个真实痛点：工具评测只讲优点，不讲认知副作用。 | 这不是把问题说得更漂亮，而是把它放到能执行的位置上。","痛点：你有没有发现，真正让人疲惫的不是没有方法，而是每一种方法都像在要求你先变成另一个人。；需求：好工具也可能用错人 小红书版钩子：工具评测只讲优点，不讲认知副作用 知乎回答问题：为什么 工具风险测评 对 ADHD x A...；待办：格式很简单：；- 当前痛点：；- 掉线接口：","7","通过","","../rendered_articles/问题146_为什么危险区域标注可以做成ADHDAI工具测评的标准栏目好工具也可能用错人.html"
"147","为什么 ADHD 用户愿意为少自责付费，而不是为更自律付费？真正的需求是减轻内耗","1046","但很多 ADHD 用户真正痛的不是“不知道要自律”，而是已经被“我怎么又没做到”烧穿了。 | 一句话打穿：ADHD 产品真正的付费点，不是让人变成正常人，而是减少执行失败后的内耗。 | 一个人如果每天都被内疚、羞耻、拖延史和未完成债务包围，他需要的第一件事不是再加一套规则，而是降低心理阻力。","痛点：生活场景证据：一个人拖了三天没回消息，他真正卡住的不是打字能力，而是打开对话框时涌上来的羞耻。；需求：但很多 ADHD 用户真正痛的不是“不知道要自律”，而是已经被“我怎么又没做到”烧穿了。；待办：改成：；- 公众号版核心标题：ADHD 用户愿意为少自责付费，而不是为更自律付费；- 小红书版钩子：别再卖自律给 ADHD 了，他们真正想买的是少一点自责。","6","通过","","../rendered_articles/问题147_为什么ADHD用户愿意为少自责付费而不是为更自律付费_真正的需求是减轻内耗.html"
"148","为什么负罪感焚烧炉应该从文章变成每日入口？内疚不是动力，是每天要倒掉的垃圾","1173","很多 ADHD 不是早上醒来开始工作，而是早上醒来开始受审。 | 你需要的不是更多自律工具，而是一个每天能打开的负罪感焚烧炉。 | 焚烧炉的核心不是烧掉人生，而是烧掉粘在任务上的羞耻胶水。","痛点：昨天没做的事、前天拖的事、上周答应的事、去年烂尾的项目，一起站到脑子里。；需求：真正还重要的东西，不应该以负罪感形式存在，而应该被改写成一个小到能开始的动作。；待办：- 我正在内疚的事：；- 这件事是真责任、过期责任，还是假责任：；- 如果它还重要，今天唯一动作是：","6","通过","","../rendered_articles/问题148_为什么负罪感焚烧炉应该从文章变成每日入口_内疚不是动力是每天要倒掉的垃圾.html"
"149","为什么烂尾项目复活清单可以变成一个小产品？你不是没有资产，是没有复活协议","1243","你有没有发现，真正让人疲惫的不是没有方法，而是每一种方法都像在要求你先变成另一个人。 | 因为它背后不是抽象观点，而是一个真实痛点：旧项目堆积成羞耻，而不是资产。 | 这不是把问题说得更漂亮，而是把它放到能执行的位置上。","痛点：你有没有发现，真正让人疲惫的不是没有方法，而是每一种方法都像在要求你先变成另一个人。；需求：你不是没有资产，是没有复活协议 小红书版钩子：旧项目堆积成羞耻，而不是资产 知乎回答问题：为什么 烂尾复活 对 ADHD x...；待办：格式很简单：；- 当前痛点：；- 掉线接口：","7","通过","","../rendered_articles/问题149_为什么烂尾项目复活清单可以变成一个小产品你不是没有资产是没有复活协议.html"
"150","为什么 ADHD 的 AI 工作流需要能量档位，而不是统一流程？低电量时还用高配流程就是自毁","1273","你有没有发现，真正让人疲惫的不是没有方法，而是每一种方法都像在要求你先变成另一个人。 | 因为它背后不是抽象观点，而是一个真实痛点：高能量时设计的系统，低能量时完全打不开。 | 这不是把问题说得更漂亮，而是把它放到能执行的位置上。","痛点：你有没有发现，真正让人疲惫的不是没有方法，而是每一种方法都像在要求你先变成另一个人。；需求：低电量时还用高配流程就是自毁 小红书版钩子：高能量时设计的系统，低能量时完全打不开 知乎回答问题：为什么 能量档位 对 AD...；待办：格式很简单：；- 当前痛点：；- 掉线接口：","7","通过","","../rendered_articles/问题150_为什么ADHD的AI工作流需要能量档位而不是统一流程低电量时还用高配流程就是自毁.html"
"151","为什么读者投稿坐标是双A社群的最小启动机制？社群不是聊天群，是一张共同绘制的地图","1262","你有没有发现，真正让人疲惫的不是没有方法，而是每一种方法都像在要求你先变成另一个人。 | 因为它背后不是抽象观点，而是一个真实痛点：社群容易变水群，互动热闹但资产很少。 | 这不是把问题说得更漂亮，而是把它放到能执行的位置上。","痛点：你有没有发现，真正让人疲惫的不是没有方法，而是每一种方法都像在要求你先变成另一个人。；需求：社群不是聊天群，是一张共同绘制的地图 小红书版钩子：社群容易变水群，互动热闹但资产很少 知乎回答问题：为什么 读者坐标库 对...；待办：格式很简单：；- 当前痛点：；- 掉线接口：","7","通过","","../rendered_articles/问题151_为什么读者投稿坐标是双A社群的最小启动机制社群不是聊天群是一张共同绘制的地图.html"
"152","为什么 ADHD x AI 的变现应该先卖地图再卖课程？课程要求服从，地图允许导航","1260","你有没有发现，真正让人疲惫的不是没有方法，而是每一种方法都像在要求你先变成另一个人。 | 因为它背后不是抽象观点，而是一个真实痛点：ADHD用户买课后很难线性完成。 | 这不是把问题说得更漂亮，而是把它放到能执行的位置上。","痛点：你有没有发现，真正让人疲惫的不是没有方法，而是每一种方法都像在要求你先变成另一个人。；需求：课程要求服从，地图允许导航 小红书版钩子：ADHD用户买课后很难线性完成 知乎回答问题：为什么 地图型产品 对 ADHD x...；待办：格式很简单：；- 当前痛点：；- 掉线接口：","7","通过","","../rendered_articles/问题152_为什么ADHDxAI的变现应该先卖地图再卖课程课程要求服从地图允许导航.html"
"153","为什么 ADHD 不适合日更，但适合双周地图栏目？你不是流水线作者，而是周期性制图者","1085","一句话打穿：ADHD 不是流水线作者，而是周期性制图者。 | 你不是每天只盯一个点，而是两周里收集很多信号，再做结构化。 | 个人观察：ADHD 的强项不是稳定挤牙膏，而是突然把很多远处信号连成一张图。","痛点：生活场景证据：你日更三天后会开始用同义反复撑场面。；需求：一句话打穿：ADHD 不是流水线作者，而是周期性制图者。；待办：每期包含五块：；- 本期核心地形：；- 三个读者痛点坐标：","6","通过","","../rendered_articles/问题153_为什么ADHD不适合日更但适合双周地图栏目_你不是流水线作者而是周期性制图者.html"
"154","为什么 ADHD 内容生产应该按能量分工，而不是按时间表分工？高能写作，低能整理，中能互动","1261","你有没有发现，真正让人疲惫的不是没有方法，而是每一种方法都像在要求你先变成另一个人。 | 因为它背后不是抽象观点，而是一个真实痛点：固定时间表一破功就全盘崩溃。 | 这不是把问题说得更漂亮，而是把它放到能执行的位置上。","痛点：你有没有发现，真正让人疲惫的不是没有方法，而是每一种方法都像在要求你先变成另一个人。；需求：高能写作，低能整理，中能互动 小红书版钩子：固定时间表一破功就全盘崩溃 知乎回答问题：为什么 能量任务菜单 对 ADHD x...；待办：格式很简单：；- 当前痛点：；- 掉线接口：","7","通过","","../rendered_articles/问题154_为什么ADHD内容生产应该按能量分工而不是按时间表分工高能写作低能整理中能互动.html"
"155","为什么母版内容不是长文，而是一个可变形的证据包？平台吃的是不同物种，不是同一盘菜","1268","你有没有发现，真正让人疲惫的不是没有方法，而是每一种方法都像在要求你先变成另一个人。 | 因为它背后不是抽象观点，而是一个真实痛点：长文难以跨平台拆分，复制粘贴表现差。 | 这不是把问题说得更漂亮，而是把它放到能执行的位置上。","痛点：你有没有发现，真正让人疲惫的不是没有方法，而是每一种方法都像在要求你先变成另一个人。；需求：平台吃的是不同物种，不是同一盘菜 小红书版钩子：长文难以跨平台拆分，复制粘贴表现差 知乎回答问题：为什么 内容证据包 对 A...；待办：格式很简单：；- 当前痛点：；- 掉线接口：","7","通过","","../rendered_articles/问题155_为什么母版内容不是长文而是一个可变形的证据包平台吃的是不同物种不是同一盘菜.html"
"156","为什么小红书要写痛点步骤，公众号要写框架证据？同一选题要换语言，不是换标题","1268","你有没有发现，真正让人疲惫的不是没有方法，而是每一种方法都像在要求你先变成另一个人。 | 因为它背后不是抽象观点，而是一个真实痛点：同一内容跨平台失败，因为只换标题不换表达。 | 这不是把问题说得更漂亮，而是把它放到能执行的位置上。","痛点：你有没有发现，真正让人疲惫的不是没有方法，而是每一种方法都像在要求你先变成另一个人。；需求：同一选题要换语言，不是换标题 小红书版钩子：同一内容跨平台失败，因为只换标题不换表达 知乎回答问题：为什么 平台语言 对 A...；待办：格式很简单：；- 当前痛点：；- 掉线接口：","7","通过","","../rendered_articles/问题156_为什么小红书要写痛点步骤公众号要写框架证据同一选题要换语言不是换标题.html"
"157","为什么首发内容必须带评论区提问，而不是只求点赞？点赞是情绪，评论才是需求","1175","一句话打穿：内容首发不是结束，而是需求采集的开始。 | 反事实：如果每篇文章都带一个具体问题，三十篇以后你得到的不是三十篇内容，而是一组用户语言数据库。 | 那时你再做产品，不是凭脑内兴奋，而是凭真实回话。","痛点：评论区提问不是随便问一句“你是不是也这样”。；需求：一句话打穿：内容首发不是结束，而是需求采集的开始。；待办：- 这篇文章解决的痛点是：；- 我最想验证的需求是：；- 评论区只问一个问题：","6","通过","","../rendered_articles/问题157_为什么首发内容必须带评论区提问而不是只求点赞_点赞是情绪评论才是需求.html"
"158","为什么发布后48小时比写作前48小时更重要？内容真正开始工作，是在读者回话以后","1259","你有没有发现，真正让人疲惫的不是没有方法，而是每一种方法都像在要求你先变成另一个人。 | 因为它背后不是抽象观点，而是一个真实痛点：创作者发完就逃，错过最热反馈窗口。 | 这不是把问题说得更漂亮，而是把它放到能执行的位置上。","痛点：你有没有发现，真正让人疲惫的不是没有方法，而是每一种方法都像在要求你先变成另一个人。；需求：内容真正开始工作，是在读者回话以后 小红书版钩子：创作者发完就逃，错过最热反馈窗口 知乎回答问题：为什么 发布后48小时 对...；待办：格式很简单：；- 当前痛点：；- 掉线接口：","7","通过","","../rendered_articles/问题158_为什么发布后48小时比写作前48小时更重要内容真正开始工作是在读者回话以后.html"
"159","为什么真实回流才是 ADHD 内容宇宙的燃料棒？没有反馈的灵感只是脑内烟花","971","真正能让内容宇宙持续燃烧的，不是灵感，是真实回流。 | 公众号版核心标题：真实回流才是 ADHD 内容宇宙的燃料棒 小红书版钩子：没有反馈的灵感，只是脑内烟花。 | 但如果这些灵感从来没有进入外部世界，没有读者评论，没有私信追问，没有收藏转发，没有模板需求，它们很容易只是脑内烟花。","痛点：个人观察：高发散创作者最容易被新想法诱惑，跳过回流分析。；需求：洗澡时一个，走路时一个，凌晨三点十个，和 AI 聊半小时又冒出二十个。；待办：字段：；- 文章编号：；- 评论原句：","6","通过","","../rendered_articles/问题159_为什么真实回流才是ADHD内容宇宙的燃料棒_没有反馈的灵感只是脑内烟花.html"
"160","为什么你的选题池应该按反馈热度排序，而不是按灵感顺序？现实的回话比脑内兴奋更可靠","1259","你有没有发现，真正让人疲惫的不是没有方法，而是每一种方法都像在要求你先变成另一个人。 | 因为它背后不是抽象观点，而是一个真实痛点：越兴奋的选题未必越有用户需求。 | 这不是把问题说得更漂亮，而是把它放到能执行的位置上。","痛点：你有没有发现，真正让人疲惫的不是没有方法，而是每一种方法都像在要求你先变成另一个人。；需求：现实的回话比脑内兴奋更可靠 小红书版钩子：越兴奋的选题未必越有用户需求 知乎回答问题：为什么 反馈热度排序 对 ADHD x...；待办：格式很简单：；- 当前痛点：；- 掉线接口：","7","通过","","../rendered_articles/问题160_为什么你的选题池应该按反馈热度排序而不是按灵感顺序现实的回话比脑内兴奋更可靠.html"
"161","为什么青年律师其实是最典型的外部前额叶需求人群？案件、客户、情绪和截止日期同时排队","1294","你有没有发现，真正让人疲惫的不是没有方法，而是每一种方法都像在要求你先变成另一个人。 | 因为它背后不是抽象观点，而是一个真实痛点：青年律师任务密度高、后果重、情绪压力大。 | 这不是把问题说得更漂亮，而是把它放到能执行的位置上。","痛点：你有没有发现，真正让人疲惫的不是没有方法，而是每一种方法都像在要求你先变成另一个人。；需求：案件、客户、情绪和截止日期同时排队 小红书版钩子：青年律师任务密度高、后果重、情绪压力大 知乎回答问题：为什么 青年律师外部...；待办：格式很简单：；- 当前痛点：；- 掉线接口：","7","通过","","../rendered_articles/问题161_为什么青年律师其实是最典型的外部前额叶需求人群案件客户情绪和截止日期同时排队.html"
"162","为什么法学生的论文痛苦和 ADHD 启动困难是同一个接口问题？不是没资料，是没有第一段坡道","1255","你有没有发现，真正让人疲惫的不是没有方法，而是每一种方法都像在要求你先变成另一个人。 | 因为它背后不是抽象观点，而是一个真实痛点：面对巨大论文题目无法启动。 | 这不是把问题说得更漂亮，而是把它放到能执行的位置上。","痛点：你有没有发现，真正让人疲惫的不是没有方法，而是每一种方法都像在要求你先变成另一个人。；需求：不是没资料，是没有第一段坡道 小红书版钩子：面对巨大论文题目无法启动 知乎回答问题：为什么 论文启动坡道 对 ADHD x ...；待办：格式很简单：；- 当前痛点：；- 掉线接口：","7","通过","","../rendered_articles/问题162_为什么法学生的论文痛苦和ADHD启动困难是同一个接口问题不是没资料是没有第一段坡道.html"
"163","为什么律师 AI 不是替代律师，而是替代那些吞噬判断力的碎任务？真正值钱的是判断，不是搬砖","1280","你有没有发现，真正让人疲惫的不是没有方法，而是每一种方法都像在要求你先变成另一个人。 | 因为它背后不是抽象观点，而是一个真实痛点：法律人担心被AI替代，又被低价值任务耗尽。 | 这不是把问题说得更漂亮，而是把它放到能执行的位置上。","痛点：你有没有发现，真正让人疲惫的不是没有方法，而是每一种方法都像在要求你先变成另一个人。；需求：真正值钱的是判断，不是搬砖 小红书版钩子：法律人担心被AI替代，又被低价值任务耗尽 知乎回答问题：为什么 律师认知卸载 对 ...；待办：格式很简单：；- 当前痛点：；- 掉线接口：","7","通过","","../rendered_articles/问题163_为什么律师AI不是替代律师而是替代那些吞噬判断力的碎任务真正值钱的是判断不是搬砖.html"
"164","为什么从法律内容切到 ADHD x AI 不是背叛，而是上游化？你不再只讲职业成长，而是讲认知系统","1262","你有没有发现，真正让人疲惫的不是没有方法，而是每一种方法都像在要求你先变成另一个人。 | 因为它背后不是抽象观点，而是一个真实痛点：担心旧粉觉得账号变了、断了。 | 这不是把问题说得更漂亮，而是把它放到能执行的位置上。","痛点：你有没有发现，真正让人疲惫的不是没有方法，而是每一种方法都像在要求你先变成另一个人。；需求：你不再只讲职业成长，而是讲认知系统 小红书版钩子：担心旧粉觉得账号变了、断了 知乎回答问题：为什么 转型上游化 对 ADHD...；待办：格式很简单：；- 当前痛点：；- 掉线接口：","7","通过","","../rendered_articles/问题164_为什么从法律内容切到ADHDxAI不是背叛而是上游化你不再只讲职业成长而是讲认知系统.html"
"165","为什么高压职业人群需要认知卸载，而不是更多学习资料？资料越多，工作记忆越堵","1266","你有没有发现，真正让人疲惫的不是没有方法，而是每一种方法都像在要求你先变成另一个人。 | 因为它背后不是抽象观点，而是一个真实痛点：律师、咨询、产品经理不断囤资料但更焦虑。 | 这不是把问题说得更漂亮，而是把它放到能执行的位置上。","痛点：你有没有发现，真正让人疲惫的不是没有方法，而是每一种方法都像在要求你先变成另一个人。；需求：资料越多，工作记忆越堵 小红书版钩子：律师、咨询、产品经理不断囤资料但更焦虑 知乎回答问题：为什么 高压职业卸载 对 ADH...；待办：格式很简单：；- 当前痛点：；- 掉线接口：","7","通过","","../rendered_articles/问题165_为什么高压职业人群需要认知卸载而不是更多学习资料资料越多工作记忆越堵.html"
"166","为什么法律人最该先用 Agent 做错题本，而不是知识库？知识库越大，越容易变成新墓地","1270","你有没有发现，真正让人疲惫的不是没有方法，而是每一种方法都像在要求你先变成另一个人。 | 因为它背后不是抽象观点，而是一个真实痛点：知识库越做越复杂却不反馈实践错误。 | 这不是把问题说得更漂亮，而是把它放到能执行的位置上。","痛点：你有没有发现，真正让人疲惫的不是没有方法，而是每一种方法都像在要求你先变成另一个人。；需求：知识库越大，越容易变成新墓地 小红书版钩子：知识库越做越复杂却不反馈实践错误 知乎回答问题：为什么 法律错题本 对 ADHD...；待办：格式很简单：；- 当前痛点：；- 掉线接口：","7","通过","","../rendered_articles/问题166_为什么法律人最该先用Agent做错题本而不是知识库知识库越大越容易变成新墓地.html"
"167","为什么你的老粉迁移不靠解释转型，而靠解决他们的当下崩溃？不要说你变了，直接救他们一次","1077","老粉真正关心的不是你变没变，而是你能不能继续解决他们此刻的崩溃。 | 这样他们会自然发现：你不是抛弃旧内容，而是在讲更底层的问题。 | 个人观察：旧粉最怕的不是博主转型，而是自己被抛下。","痛点：老粉真正关心的不是你变没变，而是你能不能继续解决他们此刻的崩溃。；需求：这些解释不是没用，但它们不是迁移的关键。；待办：标题可以是：；结构：；- 先写一个法律/高压职业真实崩溃场景。","6","通过","","../rendered_articles/问题167_为什么你的老粉迁移不靠解释转型而靠解决他们的当下崩溃_不要说你变了直接救他们一次.html"
"168","为什么从律师成长到双A制图者是一次人群扩大，而不是换赛道？你从一个职业走向一种大脑困境","1263","你有没有发现，真正让人疲惫的不是没有方法，而是每一种方法都像在要求你先变成另一个人。 | 因为它背后不是抽象观点，而是一个真实痛点：担心转型丢掉旧积累和老粉信任。 | 这不是把问题说得更漂亮，而是把它放到能执行的位置上。","痛点：你有没有发现，真正让人疲惫的不是没有方法，而是每一种方法都像在要求你先变成另一个人。；需求：你从一个职业走向一种大脑困境 小红书版钩子：担心转型丢掉旧积累和老粉信任 知乎回答问题：为什么 双A制图者定位 对 ADHD...；待办：格式很简单：；- 当前痛点：；- 掉线接口：","7","通过","","../rendered_articles/问题168_为什么从律师成长到双A制图者是一次人群扩大而不是换赛道你从一个职业走向一种大脑困境.html"
"169","为什么 ADHD 需要 done list，而不是更多待办？你的大脑缺的不是任务，是已完成证据","1410","睁眼第一秒，不是“今天我要做什么”，而是“昨天又有多少没做”。 | 它不是给你做心理按摩，而是建立证据链：今天推进了什么，留下了什么资产，产生了什么反馈，下一步能从哪里接上。 | 公众号版核心标题：为什么 ADHD 需要 done list，而不是更多待办？","痛点：个人观察：很多高强度创作者最容易低估“中间推进”。；需求：短视频前三秒：ADHD 的问题不是任务太少，是完成证据太少。；待办：- 今天完成的 3 件小事：；- 今天推进的 1 个项目：；- 今天收到或制造的 1 个外部反馈：","7","通过","","../rendered_articles/问题169_为什么ADHD需要done_list而不是更多待办_你的大脑缺的不是任务是已完成证据.html"
"170","为什么 ADHD 的自尊需要证据墙？不是鸡血鼓励，而是可复查的完成记录","1234","你有没有发现，真正让人疲惫的不是没有方法，而是每一种方法都像在要求你先变成另一个人。 | 因为它背后不是抽象观点，而是一个真实痛点：情绪低谷时全盘否认过去一年。 | 这不是把问题说得更漂亮，而是把它放到能执行的位置上。","痛点：你有没有发现，真正让人疲惫的不是没有方法，而是每一种方法都像在要求你先变成另一个人。；需求：不是鸡血鼓励，而是可复查的完成记录 小红书版钩子：情绪低谷时全盘否认过去一年 知乎回答问题：为什么 成就证据墙 对 ADHD...；待办：格式很简单：；- 当前痛点：；- 掉线接口：","7","通过","","../rendered_articles/问题170_为什么ADHD的自尊需要证据墙不是鸡血鼓励而是可复查的完成记录.html"
"171","为什么 ADHD 的复盘不能只问哪里没做好？你需要先让大脑看见已经做成了什么","1239","你有没有发现，真正让人疲惫的不是没有方法，而是每一种方法都像在要求你先变成另一个人。 | 因为它背后不是抽象观点，而是一个真实痛点：复盘一开始就变成审判大会。 | 这不是把问题说得更漂亮，而是把它放到能执行的位置上。","痛点：你有没有发现，真正让人疲惫的不是没有方法，而是每一种方法都像在要求你先变成另一个人。；需求：你需要先让大脑看见已经做成了什么 小红书版钩子：复盘一开始就变成审判大会 知乎回答问题：为什么 低羞耻复盘 对 ADHD x...；待办：格式很简单：；- 当前痛点：；- 掉线接口：","7","通过","","../rendered_articles/问题171_为什么ADHD的复盘不能只问哪里没做好你需要先让大脑看见已经做成了什么.html"
"172","为什么 ADHD 需要成就回放，而不是年终总结？年终总结太远，回放要按周发生","1239","你有没有发现，真正让人疲惫的不是没有方法，而是每一种方法都像在要求你先变成另一个人。 | 因为它背后不是抽象观点，而是一个真实痛点：一年太长，成就感半衰期太短。 | 这不是把问题说得更漂亮，而是把它放到能执行的位置上。","痛点：你有没有发现，真正让人疲惫的不是没有方法，而是每一种方法都像在要求你先变成另一个人。；需求：年终总结太远，回放要按周发生 小红书版钩子：一年太长，成就感半衰期太短 知乎回答问题：为什么 成就回放 对 ADHD x A...；待办：格式很简单：；- 当前痛点：；- 掉线接口：","7","通过","","../rendered_articles/问题172_为什么ADHD需要成就回放而不是年终总结年终总结太远回放要按周发生.html"
"173","为什么 ADHD 的完成感需要外部见证？一个人偷偷做成，很快会被大脑删档","1244","你有没有发现，真正让人疲惫的不是没有方法，而是每一种方法都像在要求你先变成另一个人。 | 因为它背后不是抽象观点，而是一个真实痛点：独自完成没有回声，成就感难以固化。 | 这不是把问题说得更漂亮，而是把它放到能执行的位置上。","痛点：你有没有发现，真正让人疲惫的不是没有方法，而是每一种方法都像在要求你先变成另一个人。；需求：一个人偷偷做成，很快会被大脑删档 小红书版钩子：独自完成没有回声，成就感难以固化 知乎回答问题：为什么 外部见证 对 ADH...；待办：格式很简单：；- 当前痛点：；- 掉线接口：","7","通过","","../rendered_articles/问题173_为什么ADHD的完成感需要外部见证一个人偷偷做成很快会被大脑删档.html"
"174","为什么 ADHD 的文件夹也应该会夸你？项目状态页不是文档，是外部自尊系统","1245","你有没有发现，真正让人疲惫的不是没有方法，而是每一种方法都像在要求你先变成另一个人。 | 因为它背后不是抽象观点，而是一个真实痛点：文件很多但感受不到自己推进了。 | 这不是把问题说得更漂亮，而是把它放到能执行的位置上。","痛点：你有没有发现，真正让人疲惫的不是没有方法，而是每一种方法都像在要求你先变成另一个人。；需求：项目状态页不是文档，是外部自尊系统 小红书版钩子：文件很多但感受不到自己推进了 知乎回答问题：为什么 项目状态台 对 ADH...；待办：格式很简单：；- 当前痛点：；- 掉线接口：","7","通过","","../rendered_articles/问题174_为什么ADHD的文件夹也应该会夸你项目状态页不是文档是外部自尊系统.html"
"175","为什么 ADHD 的内容选题要问“谁会因此行动”？只让人点头的文章还没开始赚钱","930","格式： 目标读者： 读完后的最小行动： 评论区问题： 可提供的模板： 可能出现的付费需求： 比如成就盲视的行动，不是“你是不是也这样”，而是“写... | 但如果没有人评论，没有人私信，没有人下载模板，没有人说“这个能不能帮我做”，它还没有真正进入商业世界。 | 公众号版核心标题：ADHD 的内容选题要问“谁会因此行动” 小红书版钩子：只让人点头的文章，还没开始赚钱。","痛点：格式： 目标读者： 读完后的最小行动： 评论区问题： 可提供的模板： 可能出现的付费需求： 比如成就盲视的行动，不是“你是不...；需求：个人观察：很多内容创作者以为自己缺流量，其实缺的是行动入口。；待办：- 目标读者：；- 读完后的最小行动：；- 评论区问题：","6","通过","","../rendered_articles/问题175_为什么ADHD的内容选题要问谁会因此行动_只让人点头的文章还没开始赚钱.html"
"176","为什么 ADHD 的爆款不一定值钱？真正值钱的是能暴露付费痛点的评论","998","因为付费需求常常不是最大声的，而是最具体的。 | 因为现金流不是从热闹里长出来的，而是从具体问题里长出来的。 | 真正值钱的，是评论里暴露出的付费痛点。","痛点：第二类，场景评论：我是在某某工作、某某关系、某某任务里卡住。；需求：因为付费需求常常不是最大声的，而是最具体的。；待办：标签：；每篇发布后 48 小时，至少摘出 10 条评论。没有评论，就记录“无回流”，这也是信号。；然后问：这篇文章适合做流量入口，还是产品入口？","6","通过","","../rendered_articles/问题176_为什么ADHD的爆款不一定值钱_真正值钱的是能暴露付费痛点的评论.html"
"177","为什么 ADHD 创作者要少写观点，多写入口？入口才会把读者带到下一步","1243","你有没有发现，真正让人疲惫的不是没有方法，而是每一种方法都像在要求你先变成另一个人。 | 因为它背后不是抽象观点，而是一个真实痛点：观点很强但读者读完不知道做什么。 | 这不是把问题说得更漂亮，而是把它放到能执行的位置上。","痛点：你有没有发现，真正让人疲惫的不是没有方法，而是每一种方法都像在要求你先变成另一个人。；需求：入口才会把读者带到下一步 小红书版钩子：观点很强但读者读完不知道做什么 知乎回答问题：为什么 文章入口 对 ADHD x A...；待办：格式很简单：；- 当前痛点：；- 掉线接口：","7","通过","","../rendered_articles/问题177_为什么ADHD创作者要少写观点多写入口入口才会把读者带到下一步.html"
"178","为什么旧法律粉丝不是要被说服，而是要被重新命名？他们的问题一直是认知负荷过载","1268","你有没有发现，真正让人疲惫的不是没有方法，而是每一种方法都像在要求你先变成另一个人。 | 因为它背后不是抽象观点，而是一个真实痛点：旧粉未必接受ADHD标签，但熟悉高压崩溃。 | 这不是把问题说得更漂亮，而是把它放到能执行的位置上。","痛点：你有没有发现，真正让人疲惫的不是没有方法，而是每一种方法都像在要求你先变成另一个人。；需求：他们的问题一直是认知负荷过载 小红书版钩子：旧粉未必接受ADHD标签，但熟悉高压崩溃 知乎回答问题：为什么 旧粉重新命名 对...；待办：格式很简单：；- 当前痛点：；- 掉线接口：","7","通过","","../rendered_articles/问题178_为什么旧法律粉丝不是要被说服而是要被重新命名他们的问题一直是认知负荷过载.html"
"179","为什么从法律人成长到 ADHD x AI，不是逃离专业，而是看见了更底层的问题","1235","你有没有发现，真正让人疲惫的不是没有方法，而是每一种方法都像在要求你先变成另一个人。 | 因为它背后不是抽象观点，而是一个真实痛点：转型容易被理解为逃离专业。 | 这不是把问题说得更漂亮，而是把它放到能执行的位置上。","痛点：你有没有发现，真正让人疲惫的不是没有方法，而是每一种方法都像在要求你先变成另一个人。；需求：因为它背后不是抽象观点，而是一个真实痛点：转型容易被理解为逃离专业。；待办：格式很简单：；- 当前痛点：；- 掉线接口：","7","通过","","../rendered_articles/问题179_为什么从法律人成长到ADHDxAI不是逃离专业而是看见了更底层的问题.html"
"180","为什么这个选题池不该再追求数量？下一阶段要让每个 S 级题目长出正文、发布包和产品入口","984","个人观察：很多项目不是死于没想法，而是死于想法太多。 | 反事实：如果每周只推进一个 S 级题，从正文到发布包到反馈记录，十周以后你得到的不是十个标题，而是十个真实测试过的产品入口。 | 不是永远不新增，而是新增必须满足一个条件：它比当前 S 级队列更能带来发布、反馈或产品化。","痛点：选题越多，越容易让 ADHD 兴奋。；需求：个人观察：很多项目不是死于没想法，而是死于想法太多。；待办：- 正文完成：；- 发布包完成：；- 评论问题完成：","6","通过","","../rendered_articles/问题180_为什么这个选题池不该再追求数量_下一阶段要让每个S级题目长出正文发布包和产品入口.html"
